-- phpMyAdmin SQL Dump
-- version 4.5.1
-- http://www.phpmyadmin.net
--
-- Servidor: 127.0.0.1
-- Tiempo de generación: 24-06-2016 a las 00:09:58
-- Versión del servidor: 10.1.10-MariaDB
-- Versión de PHP: 5.6.19

SET SQL_MODE = "NO_AUTO_VALUE_ON_ZERO";
SET time_zone = "+00:00";


/*!40101 SET @OLD_CHARACTER_SET_CLIENT=@@CHARACTER_SET_CLIENT */;
/*!40101 SET @OLD_CHARACTER_SET_RESULTS=@@CHARACTER_SET_RESULTS */;
/*!40101 SET @OLD_COLLATION_CONNECTION=@@COLLATION_CONNECTION */;
/*!40101 SET NAMES utf8mb4 */;

--
-- Base de datos: `osmed`
--

-- --------------------------------------------------------

--
-- Estructura de tabla para la tabla `bodegas`
--

CREATE TABLE `bodegas` (
  `idbodegas` int(40) NOT NULL,
  `nombre` varchar(20) COLLATE latin1_spanish_ci NOT NULL,
  `direccion` varchar(30) COLLATE latin1_spanish_ci NOT NULL,
  `descripcion` varchar(30) COLLATE latin1_spanish_ci NOT NULL
) ENGINE=InnoDB DEFAULT CHARSET=latin1 COLLATE=latin1_spanish_ci;

--
-- Volcado de datos para la tabla `bodegas`
--

INSERT INTO `bodegas` (`idbodegas`, `nombre`, `direccion`, `descripcion`) VALUES
(1, 'OSMED SAS', 'Carrera 26 No. 45 C - 23 Barri', 'BODEGA DE OSMED'),
(2, 'OSMED SAS (OTHER)', 'Carrera 26 No. 45 C - 23 Barri', 'SEGUNDA BODEGA OSMED');

-- --------------------------------------------------------

--
-- Estructura de tabla para la tabla `ciudades`
--

CREATE TABLE `ciudades` (
  `idciudades` int(15) NOT NULL,
  `iddepartamento` int(15) NOT NULL,
  `nombre` varchar(15) COLLATE latin1_spanish_ci NOT NULL,
  `codigo` varchar(15) COLLATE latin1_spanish_ci NOT NULL
) ENGINE=InnoDB DEFAULT CHARSET=latin1 COLLATE=latin1_spanish_ci;

--
-- Volcado de datos para la tabla `ciudades`
--

INSERT INTO `ciudades` (`idciudades`, `iddepartamento`, `nombre`, `codigo`) VALUES
(0, 0, 'nombre', 'codigo'),
(1, 1, 'MEDELLIN', '001'),
(2, 1, 'ABEJORRAL', '002'),
(3, 1, 'ABRIAQUI', '004'),
(4, 1, 'ALEJANDRIA', '021'),
(5, 1, 'AMAGA', '030'),
(6, 1, 'AMALFI', '031'),
(7, 1, 'ANDES', '034'),
(8, 1, 'ANGELOPOLIS', '036'),
(9, 1, 'ANGOSTURA', '038'),
(10, 1, 'ANORI', '040'),
(11, 1, 'SANTAFE DE ANTI', '042'),
(12, 1, 'ANZA', '044'),
(13, 1, 'APARTADO', '045'),
(14, 1, 'ARBOLETES', '051'),
(15, 1, 'ARGELIA', '055'),
(16, 1, 'ARMENIA', '059'),
(17, 1, 'BARBOSA', '079'),
(18, 1, 'BELMIRA', '086'),
(19, 1, 'BELLO', '088'),
(20, 1, 'BETANIA', '091'),
(21, 1, 'BETULIA', '093'),
(22, 1, 'CIUDAD BOLIVAR', '101'),
(23, 1, 'BRICE?O', '107'),
(24, 1, 'BURITICA', '113'),
(25, 1, 'CACERES', '120'),
(26, 1, 'CAICEDO', '125'),
(27, 1, 'CALDAS', '129'),
(28, 1, 'CAMPAMENTO', '134'),
(29, 1, 'CA?ASGORDAS', '138'),
(30, 1, 'CARACOLI', '142'),
(31, 1, 'CARAMANTA', '145'),
(32, 1, 'CAREPA', '147'),
(33, 1, 'EL CARMEN DE VI', '148'),
(34, 1, 'CAROLINA', '150'),
(35, 1, 'CAUCASIA', '154'),
(36, 1, 'CHIGORODO', '172'),
(37, 1, 'CISNEROS', '190'),
(38, 1, 'COCORNA', '197'),
(39, 1, 'CONCEPCION', '206'),
(40, 1, 'CONCORDIA', '209'),
(41, 1, 'COPACABANA', '212'),
(42, 1, 'DABEIBA', '234'),
(43, 1, 'DON MATIAS', '237'),
(44, 1, 'EBEJICO', '240'),
(45, 1, 'EL BAGRE', '250'),
(46, 1, 'ENTRERRIOS', '264'),
(47, 1, 'ENVIGADO', '266'),
(48, 1, 'FREDONIA', '282'),
(49, 1, 'FRONTINO', '284'),
(50, 1, 'GIRALDO', '306'),
(51, 1, 'GIRARDOTA', '308'),
(52, 1, 'GOMEZ PLATA', '310'),
(53, 1, 'GRANADA', '313'),
(54, 1, 'GUADALUPE', '315'),
(55, 1, 'GUARNE', '318'),
(56, 1, 'GUATAPE', '321'),
(57, 1, 'HELICONIA', '347'),
(58, 1, 'HISPANIA', '353'),
(59, 1, 'ITAGUI', '360'),
(60, 1, 'ITUANGO', '361'),
(61, 1, 'JARDIN', '364'),
(62, 1, 'JERICO', '368'),
(63, 1, 'LA CEJA', '376'),
(64, 1, 'LA ESTRELLA', '380'),
(65, 1, 'LA PINTADA', '390'),
(66, 1, 'LA UNION', '400'),
(67, 1, 'LIBORINA', '411'),
(68, 1, 'MACEO', '425'),
(69, 1, 'MARINILLA', '440'),
(70, 1, 'MONTEBELLO', '467'),
(71, 1, 'MURINDO', '475'),
(72, 1, 'MUTATA', '480'),
(73, 1, 'NARI?O', '483'),
(74, 1, 'NECOCLI', '490'),
(75, 1, 'NECHI', '495'),
(76, 1, 'OLAYA', '501'),
(77, 1, 'PE?OL', '541'),
(78, 1, 'PEQUE', '543'),
(79, 1, 'PUEBLORRICO', '576'),
(80, 1, 'PUERTO BERRIO', '579'),
(81, 1, 'PUERTO NARE', '585'),
(82, 1, 'PUERTO TRIUNFO', '591'),
(83, 1, 'REMEDIOS', '604'),
(84, 1, 'RETIRO', '607'),
(85, 1, 'RIONEGRO', '615'),
(86, 1, 'SABANALARGA', '628'),
(87, 1, 'SABANETA', '631'),
(88, 1, 'SALGAR', '642'),
(89, 1, 'SAN ANDRES DE C', '647'),
(90, 1, 'SAN CARLOS', '649'),
(91, 1, 'SAN FRANCISCO', '652'),
(92, 1, 'SAN JERONIMO', '656'),
(93, 1, 'SAN JOSE DE LA ', '658'),
(94, 1, 'SAN JUAN DE URA', '659'),
(95, 1, 'SAN LUIS', '660'),
(96, 1, 'SAN PEDRO', '664'),
(97, 1, 'SAN PEDRO DE UR', '665'),
(98, 1, 'SAN RAFAEL', '667'),
(99, 1, 'SAN ROQUE', '670'),
(100, 1, 'SAN VICENTE', '674'),
(101, 1, 'SANTA BARBARA', '679'),
(102, 1, 'SANTA ROSA DE O', '686'),
(103, 1, 'SANTO DOMINGO', '690'),
(104, 1, 'EL SANTUARIO', '697'),
(105, 1, 'SEGOVIA', '736'),
(106, 1, 'SONSON', '756'),
(107, 1, 'SOPETRAN', '761'),
(108, 1, 'TAMESIS', '789'),
(109, 1, 'TARAZA', '790'),
(110, 1, 'TARSO', '792'),
(111, 1, 'TITIRIBI', '809'),
(112, 1, 'TOLEDO', '819'),
(113, 1, 'TURBO', '837'),
(114, 1, 'URAMITA', '842'),
(115, 1, 'URRAO', '847'),
(116, 1, 'VALDIVIA', '854'),
(117, 1, 'VALPARAISO', '856'),
(118, 1, 'VEGACHI', '858'),
(119, 1, 'VENECIA', '861'),
(120, 1, 'VIGIA DEL FUERT', '873'),
(121, 1, 'YALI', '885'),
(122, 1, 'YARUMAL', '887'),
(123, 1, 'YOLOMBO', '890'),
(124, 1, 'YONDO', '893'),
(125, 1, 'ZARAGOZA', '895'),
(126, 2, 'BARRANQUILLA', '001'),
(127, 2, 'BARANOA', '078'),
(128, 2, 'CAMPO DE LA CRU', '137'),
(129, 2, 'CANDELARIA', '141'),
(130, 2, 'GALAPA', '296'),
(131, 2, 'JUAN DE ACOSTA', '372'),
(132, 2, 'LURUACO', '421'),
(133, 2, 'MALAMBO', '433'),
(134, 2, 'MANATI', '436'),
(135, 2, 'PALMAR DE VAREL', '520'),
(136, 2, 'PIOJO', '549'),
(137, 2, 'POLONUEVO', '558'),
(138, 2, 'PONEDERA', '560'),
(139, 2, 'PUERTO COLOMBIA', '573'),
(140, 2, 'REPELON', '606'),
(141, 2, 'SABANAGRANDE', '634'),
(142, 2, 'SABANALARGA', '638'),
(143, 2, 'SANTA LUCIA', '675'),
(144, 2, 'SANTO TOMAS', '685'),
(145, 2, 'SOLEDAD', '758'),
(146, 2, 'SUAN', '770'),
(147, 2, 'TUBARA', '832'),
(148, 2, 'USIACURI', '849'),
(149, 3, 'BOGOTA, D.C.', '001'),
(150, 4, 'CARTAGENA', '001'),
(151, 4, 'ACHI', '006'),
(152, 4, 'ALTOS DEL ROSAR', '030'),
(153, 4, 'ARENAL', '042'),
(154, 4, 'ARJONA', '052'),
(155, 4, 'ARROYOHONDO', '062'),
(156, 4, 'BARRANCO DE LOB', '074'),
(157, 4, 'CALAMAR', '140'),
(158, 4, 'CANTAGALLO', '160'),
(159, 4, 'CICUCO', '188'),
(160, 4, 'CORDOBA', '212'),
(161, 4, 'CLEMENCIA', '222'),
(162, 4, 'EL CARMEN DE BO', '244'),
(163, 4, 'EL GUAMO', '248'),
(164, 4, 'EL PE?ON', '268'),
(165, 4, 'HATILLO DE LOBA', '300'),
(166, 4, 'MAGANGUE', '430'),
(167, 4, 'MAHATES', '433'),
(168, 4, 'MARGARITA', '440'),
(169, 4, 'MARIA LA BAJA', '442'),
(170, 4, 'MONTECRISTO', '458'),
(171, 4, 'MOMPOS', '468'),
(172, 4, 'NOROSI', '490'),
(173, 4, 'MORALES', '473'),
(174, 4, 'PINILLOS', '549'),
(175, 4, 'REGIDOR', '580'),
(176, 4, 'RIO VIEJO', '600'),
(177, 4, 'SAN CRISTOBAL', '620'),
(178, 4, 'SAN ESTANISLAO', '647'),
(179, 4, 'SAN FERNANDO', '650'),
(180, 4, 'SAN JACINTO', '654'),
(181, 4, 'SAN JACINTO DEL', '655'),
(182, 4, 'SAN JUAN NEPOMU', '657'),
(183, 4, 'SAN MARTIN DE L', '667'),
(184, 4, 'SAN PABLO', '670'),
(185, 4, 'SANTA CATALINA', '673'),
(186, 4, 'SANTA ROSA', '683'),
(187, 4, 'SANTA ROSA DEL ', '688'),
(188, 4, 'SIMITI', '744'),
(189, 4, 'SOPLAVIENTO', '760'),
(190, 4, 'TALAIGUA NUEVO', '780'),
(191, 4, 'TIQUISIO', '810'),
(192, 4, 'TURBACO', '836'),
(193, 4, 'TURBANA', '838'),
(194, 4, 'VILLANUEVA', '873'),
(195, 4, 'ZAMBRANO', '894'),
(196, 5, 'TUNJA', '001'),
(197, 5, 'ALMEIDA', '022'),
(198, 5, 'AQUITANIA', '047'),
(199, 5, 'ARCABUCO', '051'),
(200, 5, 'BELEN', '087'),
(201, 5, 'BERBEO', '090'),
(202, 5, 'BETEITIVA', '092'),
(203, 5, 'BOAVITA', '097'),
(204, 5, 'BOYACA', '104'),
(205, 5, 'BRICE?O', '106'),
(206, 5, 'BUENAVISTA', '109'),
(207, 5, 'BUSBANZA', '114'),
(208, 5, 'CALDAS', '131'),
(209, 5, 'CAMPOHERMOSO', '135'),
(210, 5, 'CERINZA', '162'),
(211, 5, 'CHINAVITA', '172'),
(212, 5, 'CHIQUINQUIRA', '176'),
(213, 5, 'CHISCAS', '180'),
(214, 5, 'CHITA', '183'),
(215, 5, 'CHITARAQUE', '185'),
(216, 5, 'CHIVATA', '187'),
(217, 5, 'CIENEGA', '189'),
(218, 5, 'COMBITA', '204'),
(219, 5, 'COPER', '212'),
(220, 5, 'CORRALES', '215'),
(221, 5, 'COVARACHIA', '218'),
(222, 5, 'CUBARA', '223'),
(223, 5, 'CUCAITA', '224'),
(224, 5, 'CUITIVA', '226'),
(225, 5, 'CHIQUIZA', '232'),
(226, 5, 'CHIVOR', '236'),
(227, 5, 'DUITAMA', '238'),
(228, 5, 'EL COCUY', '244'),
(229, 5, 'EL ESPINO', '248'),
(230, 5, 'FIRAVITOBA', '272'),
(231, 5, 'FLORESTA', '276'),
(232, 5, 'GACHANTIVA', '293'),
(233, 5, 'GAMEZA', '296'),
(234, 5, 'GARAGOA', '299'),
(235, 5, 'GUACAMAYAS', '317'),
(236, 5, 'GUATEQUE', '322'),
(237, 5, 'GUAYATA', '325'),
(238, 5, 'GsICAN', '332'),
(239, 5, 'IZA', '362'),
(240, 5, 'JENESANO', '367'),
(241, 5, 'JERICO', '368'),
(242, 5, 'LABRANZAGRANDE', '377'),
(243, 5, 'LA CAPILLA', '380'),
(244, 5, 'LA VICTORIA', '401'),
(245, 5, 'LA UVITA', '403'),
(246, 5, 'VILLA DE LEYVA', '407'),
(247, 5, 'MACANAL', '425'),
(248, 5, 'MARIPI', '442'),
(249, 5, 'MIRAFLORES', '455'),
(250, 5, 'MONGUA', '464'),
(251, 5, 'MONGUI', '466'),
(252, 5, 'MONIQUIRA', '469'),
(253, 5, 'MOTAVITA', '476'),
(254, 5, 'MUZO', '480'),
(255, 5, 'NOBSA', '491'),
(256, 5, 'NUEVO COLON', '494'),
(257, 5, 'OICATA', '500'),
(258, 5, 'OTANCHE', '507'),
(259, 5, 'PACHAVITA', '511'),
(260, 5, 'PAEZ', '514'),
(261, 5, 'PAIPA', '516'),
(262, 5, 'PAJARITO', '518'),
(263, 5, 'PANQUEBA', '522'),
(264, 5, 'PAUNA', '531'),
(265, 5, 'PAYA', '533'),
(266, 5, 'PAZ DE RIO', '537'),
(267, 5, 'PESCA', '542'),
(268, 5, 'PISBA', '550'),
(269, 5, 'PUERTO BOYACA', '572'),
(270, 5, 'QUIPAMA', '580'),
(271, 5, 'RAMIRIQUI', '599'),
(272, 5, 'RAQUIRA', '600'),
(273, 5, 'RONDON', '621'),
(274, 5, 'SABOYA', '632'),
(275, 5, 'SACHICA', '638'),
(276, 5, 'SAMACA', '646'),
(277, 5, 'SAN EDUARDO', '660'),
(278, 5, 'SAN JOSE DE PAR', '664'),
(279, 5, 'SAN LUIS DE GAC', '667'),
(280, 5, 'SAN MATEO', '673'),
(281, 5, 'SAN MIGUEL DE S', '676'),
(282, 5, 'SAN PABLO DE BO', '681'),
(283, 5, 'SANTANA', '686'),
(284, 5, 'SANTA MARIA', '690'),
(285, 5, 'SANTA ROSA DE V', '693'),
(286, 5, 'SANTA SOFIA', '696'),
(287, 5, 'SATIVANORTE', '720'),
(288, 5, 'SATIVASUR', '723'),
(289, 5, 'SIACHOQUE', '740'),
(290, 5, 'SOATA', '753'),
(291, 5, 'SOCOTA', '755'),
(292, 5, 'SOCHA', '757'),
(293, 5, 'SOGAMOSO', '759'),
(294, 5, 'SOMONDOCO', '761'),
(295, 5, 'SORA', '762'),
(296, 5, 'SOTAQUIRA', '763'),
(297, 5, 'SORACA', '764'),
(298, 5, 'SUSACON', '774'),
(299, 5, 'SUTAMARCHAN', '776'),
(300, 5, 'SUTATENZA', '778'),
(301, 5, 'TASCO', '790'),
(302, 5, 'TENZA', '798'),
(303, 5, 'TIBANA', '804'),
(304, 5, 'TIBASOSA', '806'),
(305, 5, 'TINJACA', '808'),
(306, 5, 'TIPACOQUE', '810'),
(307, 5, 'TOCA', '814'),
(308, 5, 'TOGsI', '816'),
(309, 5, 'TOPAGA', '820'),
(310, 5, 'TOTA', '822'),
(311, 5, 'TUNUNGUA', '832'),
(312, 5, 'TURMEQUE', '835'),
(313, 5, 'TUTA', '837'),
(314, 5, 'TUTAZA', '839'),
(315, 5, 'UMBITA', '842'),
(316, 5, 'VENTAQUEMADA', '861'),
(317, 5, 'VIRACACHA', '879'),
(318, 5, 'ZETAQUIRA', '897'),
(319, 6, 'MANIZALES', '001'),
(320, 6, 'AGUADAS', '013'),
(321, 6, 'ANSERMA', '042'),
(322, 6, 'ARANZAZU', '050'),
(323, 6, 'BELALCAZAR', '088'),
(324, 6, 'CHINCHINA', '174'),
(325, 6, 'FILADELFIA', '272'),
(326, 6, 'LA DORADA', '380'),
(327, 6, 'LA MERCED', '388'),
(328, 6, 'MANZANARES', '433'),
(329, 6, 'MARMATO', '442'),
(330, 6, 'MARQUETALIA', '444'),
(331, 6, 'MARULANDA', '446'),
(332, 6, 'NEIRA', '486'),
(333, 6, 'NORCASIA', '495'),
(334, 6, 'PACORA', '513'),
(335, 6, 'PALESTINA', '524'),
(336, 6, 'PENSILVANIA', '541'),
(337, 6, 'RIOSUCIO', '614'),
(338, 6, 'RISARALDA', '616'),
(339, 6, 'SALAMINA', '653'),
(340, 6, 'SAMANA', '662'),
(341, 6, 'SAN JOSE', '665'),
(342, 6, 'SUPIA', '777'),
(343, 6, 'VICTORIA', '867'),
(344, 6, 'VILLAMARIA', '873'),
(345, 6, 'VITERBO', '877'),
(346, 7, 'FLORENCIA', '001'),
(347, 7, 'ALBANIA', '029'),
(348, 7, 'BELEN DE LOS AN', '094'),
(349, 7, 'CARTAGENA DEL C', '150'),
(350, 7, 'CURILLO', '205'),
(351, 7, 'EL DONCELLO', '247'),
(352, 7, 'EL PAUJIL', '256'),
(353, 7, 'LA MONTA?ITA', '410'),
(354, 7, 'MILAN', '460'),
(355, 7, 'MORELIA', '479'),
(356, 7, 'PUERTO RICO', '592'),
(357, 7, 'SAN JOSE DEL FR', '610'),
(358, 7, 'SAN VICENTE DEL', '753'),
(359, 7, 'SOLANO', '756'),
(360, 7, 'SOLITA', '785'),
(361, 7, 'VALPARAISO', '860'),
(362, 8, 'POPAYAN', '001'),
(363, 8, 'ALMAGUER', '022'),
(364, 8, 'ARGELIA', '050'),
(365, 8, 'BALBOA', '075'),
(366, 8, 'BOLIVAR', '100'),
(367, 8, 'BUENOS AIRES', '110'),
(368, 8, 'CAJIBIO', '130'),
(369, 8, 'CALDONO', '137'),
(370, 8, 'CALOTO', '142'),
(371, 8, 'CORINTO', '212'),
(372, 8, 'EL TAMBO', '256'),
(373, 8, 'FLORENCIA', '290'),
(374, 8, 'GUACHENE', '300'),
(375, 8, 'GUAPI', '318'),
(376, 8, 'INZA', '355'),
(377, 8, 'JAMBALO', '364'),
(378, 8, 'LA SIERRA', '392'),
(379, 8, 'LA VEGA', '397'),
(380, 8, 'LOPEZ', '418'),
(381, 8, 'MERCADERES', '450'),
(382, 8, 'MIRANDA', '455'),
(383, 8, 'MORALES', '473'),
(384, 8, 'PADILLA', '513'),
(385, 8, 'PAEZ', '517'),
(386, 8, 'PATIA', '532'),
(387, 8, 'PIAMONTE', '533'),
(388, 8, 'PIENDAMO', '548'),
(389, 8, 'PUERTO TEJADA', '573'),
(390, 8, 'PURACE', '585'),
(391, 8, 'ROSAS', '622'),
(392, 8, 'SAN SEBASTIAN', '693'),
(393, 8, 'SANTANDER DE QU', '698'),
(394, 8, 'SANTA ROSA', '701'),
(395, 8, 'SILVIA', '743'),
(396, 8, 'SOTARA', '760'),
(397, 8, 'SUAREZ', '780'),
(398, 8, 'SUCRE', '785'),
(399, 8, 'TIMBIO', '807'),
(400, 8, 'TIMBIQUI', '809'),
(401, 8, 'TORIBIO', '821'),
(402, 8, 'TOTORO', '824'),
(403, 8, 'VILLA RICA', '845'),
(404, 9, 'VALLEDUPAR', '001'),
(405, 9, 'AGUACHICA', '011'),
(406, 9, 'AGUSTIN CODAZZI', '013'),
(407, 9, 'ASTREA', '032'),
(408, 9, 'BECERRIL', '045'),
(409, 9, 'BOSCONIA', '060'),
(410, 9, 'CHIMICHAGUA', '175'),
(411, 9, 'CHIRIGUANA', '178'),
(412, 9, 'CURUMANI', '228'),
(413, 9, 'EL COPEY', '238'),
(414, 9, 'EL PASO', '250'),
(415, 9, 'GAMARRA', '295'),
(416, 9, 'GONZALEZ', '310'),
(417, 9, 'LA GLORIA', '383'),
(418, 9, 'LA JAGUA DE IBI', '400'),
(419, 9, 'MANAURE', '443'),
(420, 9, 'PAILITAS', '517'),
(421, 9, 'PELAYA', '550'),
(422, 9, 'PUEBLO BELLO', '570'),
(423, 9, 'RIO DE ORO', '614'),
(424, 9, 'LA PAZ', '621'),
(425, 9, 'SAN ALBERTO', '710'),
(426, 9, 'SAN DIEGO', '750'),
(427, 9, 'SAN MARTIN', '770'),
(428, 9, 'TAMALAMEQUE', '787'),
(429, 10, 'MONTERIA', '001'),
(430, 10, 'AYAPEL', '068'),
(431, 10, 'BUENAVISTA', '079'),
(432, 10, 'CANALETE', '090'),
(433, 10, 'CERETE', '162'),
(434, 10, 'CHIMA', '168'),
(435, 10, 'CHINU', '182'),
(436, 10, 'CIENAGA DE ORO', '189'),
(437, 10, 'COTORRA', '300'),
(438, 10, 'LA APARTADA', '350'),
(439, 10, 'LORICA', '417'),
(440, 10, 'LOS CORDOBAS', '419'),
(441, 10, 'MOMIL', '464'),
(442, 10, 'MONTELIBANO', '466'),
(443, 10, 'MO?ITOS', '500'),
(444, 10, 'PLANETA RICA', '555'),
(445, 10, 'PUEBLO NUEVO', '570'),
(446, 10, 'PUERTO ESCONDID', '574'),
(447, 10, 'PUERTO LIBERTAD', '580'),
(448, 10, 'PURISIMA', '586'),
(449, 10, 'SAHAGUN', '660'),
(450, 10, 'SAN ANDRES SOTA', '670'),
(451, 10, 'SAN ANTERO', '672'),
(452, 10, 'SAN BERNARDO DE', '675'),
(453, 10, 'SAN CARLOS', '678'),
(454, 10, 'SAN PELAYO', '686'),
(455, 10, 'TIERRALTA', '807'),
(456, 10, 'VALENCIA', '855'),
(457, 11, 'AGUA DE DIOS', '001'),
(458, 11, 'ALBAN', '019'),
(459, 11, 'ANAPOIMA', '035'),
(460, 11, 'ANOLAIMA', '040'),
(461, 11, 'ARBELAEZ', '053'),
(462, 11, 'BELTRAN', '086'),
(463, 11, 'BITUIMA', '095'),
(464, 11, 'BOJACA', '099'),
(465, 11, 'CABRERA', '120'),
(466, 11, 'CACHIPAY', '123'),
(467, 11, 'CAJICA', '126'),
(468, 11, 'CAPARRAPI', '148'),
(469, 11, 'CAQUEZA', '151'),
(470, 11, 'CARMEN DE CARUP', '154'),
(471, 11, 'CHAGUANI', '168'),
(472, 11, 'CHIA', '175'),
(473, 11, 'CHIPAQUE', '178'),
(474, 11, 'CHOACHI', '181'),
(475, 11, 'CHOCONTA', '183'),
(476, 11, 'COGUA', '200'),
(477, 11, 'COTA', '214'),
(478, 11, 'CUCUNUBA', '224'),
(479, 11, 'EL COLEGIO', '245'),
(480, 11, 'EL PE?ON', '258'),
(481, 11, 'EL ROSAL', '260'),
(482, 11, 'FACATATIVA', '269'),
(483, 11, 'FOMEQUE', '279'),
(484, 11, 'FOSCA', '281'),
(485, 11, 'FUNZA', '286'),
(486, 11, 'FUQUENE', '288'),
(487, 11, 'FUSAGASUGA', '290'),
(488, 11, 'GACHALA', '293'),
(489, 11, 'GACHANCIPA', '295'),
(490, 11, 'GACHETA', '297'),
(491, 11, 'GAMA', '299'),
(492, 11, 'GIRARDOT', '307'),
(493, 11, 'GRANADA', '312'),
(494, 11, 'GUACHETA', '317'),
(495, 11, 'GUADUAS', '320'),
(496, 11, 'GUASCA', '322'),
(497, 11, 'GUATAQUI', '324'),
(498, 11, 'GUATAVITA', '326'),
(499, 11, 'GUAYABAL DE SIQ', '328'),
(500, 11, 'GUAYABETAL', '335'),
(501, 11, 'GUTIERREZ', '339'),
(502, 11, 'JERUSALEN', '368'),
(503, 11, 'JUNIN', '372'),
(504, 11, 'LA CALERA', '377'),
(505, 11, 'LA MESA', '386'),
(506, 11, 'LA PALMA', '394'),
(507, 11, 'LA PE?A', '398'),
(508, 11, 'LA VEGA', '402'),
(509, 11, 'LENGUAZAQUE', '407'),
(510, 11, 'MACHETA', '426'),
(511, 11, 'MADRID', '430'),
(512, 11, 'MANTA', '436'),
(513, 11, 'MEDINA', '438'),
(514, 11, 'MOSQUERA', '473'),
(515, 11, 'NARI?O', '483'),
(516, 11, 'NEMOCON', '486'),
(517, 11, 'NILO', '488'),
(518, 11, 'NIMAIMA', '489'),
(519, 11, 'NOCAIMA', '491'),
(520, 11, 'VENECIA', '506'),
(521, 11, 'PACHO', '513'),
(522, 11, 'PAIME', '518'),
(523, 11, 'PANDI', '524'),
(524, 11, 'PARATEBUENO', '530'),
(525, 11, 'PASCA', '535'),
(526, 11, 'PUERTO SALGAR', '572'),
(527, 11, 'PULI', '580'),
(528, 11, 'QUEBRADANEGRA', '592'),
(529, 11, 'QUETAME', '594'),
(530, 11, 'QUIPILE', '596'),
(531, 11, 'APULO', '599'),
(532, 11, 'RICAURTE', '612'),
(533, 11, 'SAN ANTONIO DEL', '645'),
(534, 11, 'SAN BERNARDO', '649'),
(535, 11, 'SAN CAYETANO', '653'),
(536, 11, 'SAN FRANCISCO', '658'),
(537, 11, 'SAN JUAN DE RIO', '662'),
(538, 11, 'SASAIMA', '718'),
(539, 11, 'SESQUILE', '736'),
(540, 11, 'SIBATE', '740'),
(541, 11, 'SILVANIA', '743'),
(542, 11, 'SIMIJACA', '745'),
(543, 11, 'SOACHA', '754'),
(544, 11, 'SOPO', '758'),
(545, 11, 'SUBACHOQUE', '769'),
(546, 11, 'SUESCA', '772'),
(547, 11, 'SUPATA', '777'),
(548, 11, 'SUSA', '779'),
(549, 11, 'SUTATAUSA', '781'),
(550, 11, 'TABIO', '785'),
(551, 11, 'TAUSA', '793'),
(552, 11, 'TENA', '797'),
(553, 11, 'TENJO', '799'),
(554, 11, 'TIBACUY', '805'),
(555, 11, 'TIBIRITA', '807'),
(556, 11, 'TOCAIMA', '815'),
(557, 11, 'TOCANCIPA', '817'),
(558, 11, 'TOPAIPI', '823'),
(559, 11, 'UBALA', '839'),
(560, 11, 'UBAQUE', '841'),
(561, 11, 'VILLA DE SAN DI', '843'),
(562, 11, 'UNE', '845'),
(563, 11, 'UTICA', '851'),
(564, 11, 'VERGARA', '862'),
(565, 11, 'VIANI', '867'),
(566, 11, 'VILLAGOMEZ', '871'),
(567, 11, 'VILLAPINZON', '873'),
(568, 11, 'VILLETA', '875'),
(569, 11, 'VIOTA', '878'),
(570, 11, 'YACOPI', '885'),
(571, 11, 'ZIPACON', '898'),
(572, 11, 'ZIPAQUIRA', '899'),
(573, 12, 'QUIBDO', '001'),
(574, 12, 'ACANDI', '006'),
(575, 12, 'ALTO BAUDO', '025'),
(576, 12, 'ATRATO', '050'),
(577, 12, 'BAGADO', '073'),
(578, 12, 'BAHIA SOLANO', '075'),
(579, 12, 'BAJO BAUDO', '077'),
(580, 12, 'BOJAYA', '099'),
(581, 12, 'EL CANTON DEL S', '135'),
(582, 12, 'CARMEN DEL DARI', '150'),
(583, 12, 'CERTEGUI', '160'),
(584, 12, 'CONDOTO', '205'),
(585, 12, 'EL CARMEN DE AT', '245'),
(586, 12, 'EL LITORAL DEL ', '250'),
(587, 12, 'ISTMINA', '361'),
(588, 12, 'JURADO', '372'),
(589, 12, 'LLORO', '413'),
(590, 12, 'MEDIO ATRATO', '425'),
(591, 12, 'MEDIO BAUDO', '430'),
(592, 12, 'MEDIO SAN JUAN', '450'),
(593, 12, 'NOVITA', '491'),
(594, 12, 'NUQUI', '495'),
(595, 12, 'RIO IRO', '580'),
(596, 12, 'RIO QUITO', '600'),
(597, 12, 'RIOSUCIO', '615'),
(598, 12, 'SAN JOSE DEL PA', '660'),
(599, 12, 'SIPI', '745'),
(600, 12, 'TADO', '787'),
(601, 12, 'UNGUIA', '800'),
(602, 12, 'UNION PANAMERIC', '810'),
(603, 13, 'NEIVA', '001'),
(604, 13, 'ACEVEDO', '006'),
(605, 13, 'AGRADO', '013'),
(606, 13, 'AIPE', '016'),
(607, 13, 'ALGECIRAS', '020'),
(608, 13, 'ALTAMIRA', '026'),
(609, 13, 'BARAYA', '078'),
(610, 13, 'CAMPOALEGRE', '132'),
(611, 13, 'COLOMBIA', '206'),
(612, 13, 'ELIAS', '244'),
(613, 13, 'GARZON', '298'),
(614, 13, 'GIGANTE', '306'),
(615, 13, 'GUADALUPE', '319'),
(616, 13, 'HOBO', '349'),
(617, 13, 'IQUIRA', '357'),
(618, 13, 'ISNOS', '359'),
(619, 13, 'LA ARGENTINA', '378'),
(620, 13, 'LA PLATA', '396'),
(621, 13, 'NATAGA', '483'),
(622, 13, 'OPORAPA', '503'),
(623, 13, 'PAICOL', '518'),
(624, 13, 'PALERMO', '524'),
(625, 13, 'PALESTINA', '530'),
(626, 13, 'PITAL', '548'),
(627, 13, 'PITALITO', '551'),
(628, 13, 'RIVERA', '615'),
(629, 13, 'SALADOBLANCO', '660'),
(630, 13, 'SAN AGUSTIN', '668'),
(631, 13, 'SANTA MARIA', '676'),
(632, 13, 'SUAZA', '770'),
(633, 13, 'TARQUI', '791'),
(634, 13, 'TESALIA', '797'),
(635, 13, 'TELLO', '799'),
(636, 13, 'TERUEL', '801'),
(637, 13, 'TIMANA', '807'),
(638, 13, 'VILLAVIEJA', '872'),
(639, 13, 'YAGUARA', '885'),
(640, 14, 'RIOHACHA', '001'),
(641, 14, 'ALBANIA', '035'),
(642, 14, 'BARRANCAS', '078'),
(643, 14, 'DIBULLA', '090'),
(644, 14, 'DISTRACCION', '098'),
(645, 14, 'EL MOLINO', '110'),
(646, 14, 'FONSECA', '279'),
(647, 14, 'HATONUEVO', '378'),
(648, 14, 'LA JAGUA DEL PI', '420'),
(649, 14, 'MAICAO', '430'),
(650, 14, 'MANAURE', '560'),
(651, 14, 'SAN JUAN DEL CE', '650'),
(652, 14, 'URIBIA', '847'),
(653, 14, 'URUMITA', '855'),
(654, 14, 'VILLANUEVA', '874'),
(655, 15, 'SANTA MARTA', '001'),
(656, 15, 'ALGARROBO', '030'),
(657, 15, 'ARACATACA', '053'),
(658, 15, 'ARIGUANI', '058'),
(659, 15, 'CERRO SAN ANTON', '161'),
(660, 15, 'CHIBOLO', '170'),
(661, 15, 'CIENAGA', '189'),
(662, 15, 'CONCORDIA', '205'),
(663, 15, 'EL BANCO', '245'),
(664, 15, 'EL PI?ON', '258'),
(665, 15, 'EL RETEN', '268'),
(666, 15, 'FUNDACION', '288'),
(667, 15, 'GUAMAL', '318'),
(668, 15, 'NUEVA GRANADA', '460'),
(669, 15, 'PEDRAZA', '541'),
(670, 15, 'PIJI?O DEL CARM', '545'),
(671, 15, 'PIVIJAY', '551'),
(672, 15, 'PLATO', '555'),
(673, 15, 'PUEBLOVIEJO', '570'),
(674, 15, 'REMOLINO', '605'),
(675, 15, 'SABANAS DE SAN ', '660'),
(676, 15, 'SALAMINA', '675'),
(677, 15, 'SAN SEBASTIAN D', '692'),
(678, 15, 'SAN ZENON', '703'),
(679, 15, 'SANTA ANA', '707'),
(680, 15, 'SANTA BARBARA D', '720'),
(681, 15, 'SITIONUEVO', '745'),
(682, 15, 'TENERIFE', '798'),
(683, 15, 'ZAPAYAN', '960'),
(684, 15, 'ZONA BANANERA', '980'),
(685, 16, 'VILLAVICENCIO', '001'),
(686, 16, 'ACACIAS', '006'),
(687, 16, 'BARRANCA DE UPI', '110'),
(688, 16, 'CABUYARO', '124'),
(689, 16, 'CASTILLA LA NUE', '150'),
(690, 16, 'CUBARRAL', '223'),
(691, 16, 'CUMARAL', '226'),
(692, 16, 'EL CALVARIO', '245'),
(693, 16, 'EL CASTILLO', '251'),
(694, 16, 'EL DORADO', '270'),
(695, 16, 'FUENTE DE ORO', '287'),
(696, 16, 'GRANADA', '313'),
(697, 16, 'GUAMAL', '318'),
(698, 16, 'MAPIRIPAN', '325'),
(699, 16, 'MESETAS', '330'),
(700, 16, 'LA MACARENA', '350'),
(701, 16, 'URIBE', '370'),
(702, 16, 'LEJANIAS', '400'),
(703, 16, 'PUERTO CONCORDI', '450'),
(704, 16, 'PUERTO GAITAN', '568'),
(705, 16, 'PUERTO LOPEZ', '573'),
(706, 16, 'PUERTO LLERAS', '577'),
(707, 16, 'PUERTO RICO', '590'),
(708, 16, 'RESTREPO', '606'),
(709, 16, 'SAN CARLOS DE G', '680'),
(710, 16, 'SAN JUAN DE ARA', '683'),
(711, 16, 'SAN JUANITO', '686'),
(712, 16, 'SAN MARTIN', '689'),
(713, 16, 'VISTAHERMOSA', '711'),
(714, 17, 'PASTO', '001'),
(715, 17, 'ALBAN', '019'),
(716, 17, 'ALDANA', '022'),
(717, 17, 'ANCUYA', '036'),
(718, 17, 'ARBOLEDA', '051'),
(719, 17, 'BARBACOAS', '079'),
(720, 17, 'BELEN', '083'),
(721, 17, 'BUESACO', '110'),
(722, 17, 'COLON', '203'),
(723, 17, 'CONSACA', '207'),
(724, 17, 'CONTADERO', '210'),
(725, 17, 'CORDOBA', '215'),
(726, 17, 'CUASPUD', '224'),
(727, 17, 'CUMBAL', '227'),
(728, 17, 'CUMBITARA', '233'),
(729, 17, 'CHACHAGsI', '240'),
(730, 17, 'EL CHARCO', '250'),
(731, 17, 'EL PE?OL', '254'),
(732, 17, 'EL ROSARIO', '256'),
(733, 17, 'EL TABLON DE GO', '258'),
(734, 17, 'EL TAMBO', '260'),
(735, 17, 'FUNES', '287'),
(736, 17, 'GUACHUCAL', '317'),
(737, 17, 'GUAITARILLA', '320'),
(738, 17, 'GUALMATAN', '323'),
(739, 17, 'ILES', '352'),
(740, 17, 'IMUES', '354'),
(741, 17, 'IPIALES', '356'),
(742, 17, 'LA CRUZ', '378'),
(743, 17, 'LA FLORIDA', '381'),
(744, 17, 'LA LLANADA', '385'),
(745, 17, 'LA TOLA', '390'),
(746, 17, 'LA UNION', '399'),
(747, 17, 'LEIVA', '405'),
(748, 17, 'LINARES', '411'),
(749, 17, 'LOS ANDES', '418'),
(750, 17, 'MAGsI', '427'),
(751, 17, 'MALLAMA', '435'),
(752, 17, 'MOSQUERA', '473'),
(753, 17, 'NARI?O', '480'),
(754, 17, 'OLAYA HERRERA', '490'),
(755, 17, 'OSPINA', '506'),
(756, 17, 'FRANCISCO PIZAR', '520'),
(757, 17, 'POLICARPA', '540'),
(758, 17, 'POTOSI', '560'),
(759, 17, 'PROVIDENCIA', '565'),
(760, 17, 'PUERRES', '573'),
(761, 17, 'PUPIALES', '585'),
(762, 17, 'RICAURTE', '612'),
(763, 17, 'ROBERTO PAYAN', '621'),
(764, 17, 'SAMANIEGO', '678'),
(765, 17, 'SANDONA', '683'),
(766, 17, 'SAN BERNARDO', '685'),
(767, 17, 'SAN LORENZO', '687'),
(768, 17, 'SAN PABLO', '693'),
(769, 17, 'SAN PEDRO DE CA', '694'),
(770, 17, 'SANTA BARBARA', '696'),
(771, 17, 'SANTACRUZ', '699'),
(772, 17, 'SAPUYES', '720'),
(773, 17, 'TAMINANGO', '786'),
(774, 17, 'TANGUA', '788'),
(775, 17, 'SAN ANDRES DE T', '835'),
(776, 17, 'TUQUERRES', '838'),
(777, 17, 'YACUANQUER', '885'),
(778, 18, 'CUCUTA', '001'),
(779, 18, 'ABREGO', '003'),
(780, 18, 'ARBOLEDAS', '051'),
(781, 18, 'BOCHALEMA', '099'),
(782, 18, 'BUCARASICA', '109'),
(783, 18, 'CACOTA', '125'),
(784, 18, 'CACHIRA', '128'),
(785, 18, 'CHINACOTA', '172'),
(786, 18, 'CHITAGA', '174'),
(787, 18, 'CONVENCION', '206'),
(788, 18, 'CUCUTILLA', '223'),
(789, 18, 'DURANIA', '239'),
(790, 18, 'EL CARMEN', '245'),
(791, 18, 'EL TARRA', '250'),
(792, 18, 'EL ZULIA', '261'),
(793, 18, 'GRAMALOTE', '313'),
(794, 18, 'HACARI', '344'),
(795, 18, 'HERRAN', '347'),
(796, 18, 'LABATECA', '377'),
(797, 18, 'LA ESPERANZA', '385'),
(798, 18, 'LA PLAYA', '398'),
(799, 18, 'LOS PATIOS', '405'),
(800, 18, 'LOURDES', '418'),
(801, 18, 'MUTISCUA', '480'),
(802, 18, 'OCA?A', '498'),
(803, 18, 'PAMPLONA', '518'),
(804, 18, 'PAMPLONITA', '520'),
(805, 18, 'PUERTO SANTANDE', '553'),
(806, 18, 'RAGONVALIA', '599'),
(807, 18, 'SALAZAR', '660'),
(808, 18, 'SAN CALIXTO', '670'),
(809, 18, 'SAN CAYETANO', '673'),
(810, 18, 'SANTIAGO', '680'),
(811, 18, 'SARDINATA', '720'),
(812, 18, 'SILOS', '743'),
(813, 18, 'TEORAMA', '800'),
(814, 18, 'TIBU', '810'),
(815, 18, 'TOLEDO', '820'),
(816, 18, 'VILLA CARO', '871'),
(817, 18, 'VILLA DEL ROSAR', '874'),
(818, 19, 'ARMENIA', '001'),
(819, 19, 'BUENAVISTA', '111'),
(820, 19, 'CALARCA', '130'),
(821, 19, 'CIRCASIA', '190'),
(822, 19, 'CORDOBA', '212'),
(823, 19, 'FILANDIA', '272'),
(824, 19, 'GENOVA', '302'),
(825, 19, 'LA TEBAIDA', '401'),
(826, 19, 'MONTENEGRO', '470'),
(827, 19, 'PIJAO', '548'),
(828, 19, 'QUIMBAYA', '594'),
(829, 19, 'SALENTO', '690'),
(830, 20, 'PEREIRA', '001'),
(831, 20, 'APIA', '045'),
(832, 20, 'BALBOA', '075'),
(833, 20, 'BELEN DE UMBRIA', '088'),
(834, 20, 'DOSQUEBRADAS', '170'),
(835, 20, 'GUATICA', '318'),
(836, 20, 'LA CELIA', '383'),
(837, 20, 'LA VIRGINIA', '400'),
(838, 20, 'MARSELLA', '440'),
(839, 20, 'MISTRATO', '456'),
(840, 20, 'PUEBLO RICO', '572'),
(841, 20, 'QUINCHIA', '594'),
(842, 20, 'SANTA ROSA DE C', '682'),
(843, 20, 'SANTUARIO', '687'),
(844, 21, 'BUCARAMANGA', '001'),
(845, 21, 'AGUADA', '013'),
(846, 21, 'ALBANIA', '020'),
(847, 21, 'ARATOCA', '051'),
(848, 21, 'BARBOSA', '077'),
(849, 21, 'BARICHARA', '079'),
(850, 21, 'BARRANCABERMEJA', '081'),
(851, 21, 'BETULIA', '092'),
(852, 21, 'BOLIVAR', '101'),
(853, 21, 'CABRERA', '121'),
(854, 21, 'CALIFORNIA', '132'),
(855, 21, 'CAPITANEJO', '147'),
(856, 21, 'CARCASI', '152'),
(857, 21, 'CEPITA', '160'),
(858, 21, 'CERRITO', '162'),
(859, 21, 'CHARALA', '167'),
(860, 21, 'CHARTA', '169'),
(861, 21, 'CHIMA', '176'),
(862, 21, 'CHIPATA', '179'),
(863, 21, 'CIMITARRA', '190'),
(864, 21, 'CONCEPCION', '207'),
(865, 21, 'CONFINES', '209'),
(866, 21, 'CONTRATACION', '211'),
(867, 21, 'COROMORO', '217'),
(868, 21, 'CURITI', '229'),
(869, 21, 'EL CARMEN DE CH', '235'),
(870, 21, 'EL GUACAMAYO', '245'),
(871, 21, 'EL PE?ON', '250'),
(872, 21, 'EL PLAYON', '255'),
(873, 21, 'ENCINO', '264'),
(874, 21, 'ENCISO', '266'),
(875, 21, 'FLORIAN', '271'),
(876, 21, 'FLORIDABLANCA', '276'),
(877, 21, 'GALAN', '296'),
(878, 21, 'GAMBITA', '298'),
(879, 21, 'GIRON', '307'),
(880, 21, 'GUACA', '318'),
(881, 21, 'GUADALUPE', '320'),
(882, 21, 'GUAPOTA', '322'),
(883, 21, 'GUAVATA', '324'),
(884, 21, 'GsEPSA', '327'),
(885, 21, 'HATO', '344'),
(886, 21, 'JESUS MARIA', '368'),
(887, 21, 'JORDAN', '370'),
(888, 21, 'LA BELLEZA', '377'),
(889, 21, 'LANDAZURI', '385'),
(890, 21, 'LA PAZ', '397'),
(891, 21, 'LEBRIJA', '406'),
(892, 21, 'LOS SANTOS', '418'),
(893, 21, 'MACARAVITA', '425'),
(894, 21, 'MALAGA', '432'),
(895, 21, 'MATANZA', '444'),
(896, 21, 'MOGOTES', '464'),
(897, 21, 'MOLAGAVITA', '468'),
(898, 21, 'OCAMONTE', '498'),
(899, 21, 'OIBA', '500'),
(900, 21, 'ONZAGA', '502'),
(901, 21, 'PALMAR', '522'),
(902, 21, 'PALMAS DEL SOCO', '524'),
(903, 21, 'PARAMO', '533'),
(904, 21, 'PIEDECUESTA', '547'),
(905, 21, 'PINCHOTE', '549'),
(906, 21, 'PUENTE NACIONAL', '572'),
(907, 21, 'PUERTO PARRA', '573'),
(908, 21, 'PUERTO WILCHES', '575'),
(909, 21, 'RIONEGRO', '615'),
(910, 21, 'SABANA DE TORRE', '655'),
(911, 21, 'SAN ANDRES', '669'),
(912, 21, 'SAN BENITO', '673'),
(913, 21, 'SAN GIL', '679'),
(914, 21, 'SAN JOAQUIN', '682'),
(915, 21, 'SAN JOSE DE MIR', '684'),
(916, 21, 'SAN MIGUEL', '686'),
(917, 21, 'SAN VICENTE DE ', '689'),
(918, 21, 'SANTA BARBARA', '705'),
(919, 21, 'SANTA HELENA DE', '720'),
(920, 21, 'SIMACOTA', '745'),
(921, 21, 'SOCORRO', '755'),
(922, 21, 'SUAITA', '770'),
(923, 21, 'SUCRE', '773'),
(924, 21, 'SURATA', '780'),
(925, 21, 'TONA', '820'),
(926, 21, 'VALLE DE SAN JO', '855'),
(927, 21, 'VELEZ', '861'),
(928, 21, 'VETAS', '867'),
(929, 21, 'VILLANUEVA', '872'),
(930, 21, 'ZAPATOCA', '895'),
(931, 22, 'SINCELEJO', '001'),
(932, 22, 'BUENAVISTA', '110'),
(933, 22, 'CAIMITO', '124'),
(934, 22, 'COLOSO', '204'),
(935, 22, 'COROZAL', '215'),
(936, 22, 'COVE?AS', '221'),
(937, 22, 'CHALAN', '230'),
(938, 22, 'EL ROBLE', '233'),
(939, 22, 'GALERAS', '235'),
(940, 22, 'GUARANDA', '265'),
(941, 22, 'LA UNION', '400'),
(942, 22, 'LOS PALMITOS', '418'),
(943, 22, 'MAJAGUAL', '429'),
(944, 22, 'MORROA', '473'),
(945, 22, 'OVEJAS', '508'),
(946, 22, 'PALMITO', '523'),
(947, 22, 'SAMPUES', '670'),
(948, 22, 'SAN BENITO ABAD', '678'),
(949, 22, 'SAN JUAN DE BET', '702'),
(950, 22, 'SAN MARCOS', '708'),
(951, 22, 'SAN ONOFRE', '713'),
(952, 22, 'SAN PEDRO', '717'),
(953, 22, 'SAN LUIS DE SIN', '742'),
(954, 22, 'SUCRE', '771'),
(955, 22, 'SANTIAGO DE TOL', '820'),
(956, 22, 'TOLU VIEJO', '823'),
(957, 23, 'IBAGUE', '001'),
(958, 23, 'ALPUJARRA', '024'),
(959, 23, 'ALVARADO', '026'),
(960, 23, 'AMBALEMA', '030'),
(961, 23, 'ANZOATEGUI', '043'),
(962, 23, 'ARMERO', '055'),
(963, 23, 'ATACO', '067'),
(964, 23, 'CAJAMARCA', '124'),
(965, 23, 'CARMEN DE APICA', '148'),
(966, 23, 'CASABIANCA', '152'),
(967, 23, 'CHAPARRAL', '168'),
(968, 23, 'COELLO', '200'),
(969, 23, 'COYAIMA', '217'),
(970, 23, 'CUNDAY', '226'),
(971, 23, 'DOLORES', '236'),
(972, 23, 'ESPINAL', '268'),
(973, 23, 'FALAN', '270'),
(974, 23, 'FLANDES', '275'),
(975, 23, 'FRESNO', '283'),
(976, 23, 'GUAMO', '319'),
(977, 23, 'HERVEO', '347'),
(978, 23, 'HONDA', '349'),
(979, 23, 'ICONONZO', '352'),
(980, 23, 'LERIDA', '408'),
(981, 23, 'LIBANO', '411'),
(982, 23, 'MARIQUITA', '443'),
(983, 23, 'MELGAR', '449'),
(984, 23, 'MURILLO', '461'),
(985, 23, 'NATAGAIMA', '483'),
(986, 23, 'ORTEGA', '504'),
(987, 23, 'PALOCABILDO', '520'),
(988, 23, 'PIEDRAS', '547'),
(989, 23, 'PLANADAS', '555'),
(990, 23, 'PRADO', '563'),
(991, 23, 'PURIFICACION', '585'),
(992, 23, 'RIOBLANCO', '616'),
(993, 23, 'RONCESVALLES', '622'),
(994, 23, 'ROVIRA', '624'),
(995, 23, 'SALDA?A', '671'),
(996, 23, 'SAN ANTONIO', '675'),
(997, 23, 'SAN LUIS', '678'),
(998, 23, 'SANTA ISABEL', '686'),
(999, 23, 'SUAREZ', '770'),
(1000, 23, 'VALLE DE SAN JU', '854'),
(1001, 23, 'VENADILLO', '861'),
(1002, 23, 'VILLAHERMOSA', '870'),
(1003, 23, 'VILLARRICA', '873'),
(1004, 24, 'CALI', '001'),
(1005, 24, 'ALCALA', '020'),
(1006, 24, 'ANDALUCIA', '036'),
(1007, 24, 'ANSERMANUEVO', '041'),
(1008, 24, 'ARGELIA', '054'),
(1009, 24, 'BOLIVAR', '100'),
(1010, 24, 'BUENAVENTURA', '109'),
(1011, 24, 'GUADALAJARA DE ', '111'),
(1012, 24, 'BUGALAGRANDE', '113'),
(1013, 24, 'CAICEDONIA', '122'),
(1014, 24, 'CALIMA', '126'),
(1015, 24, 'CANDELARIA', '130'),
(1016, 24, 'CARTAGO', '147'),
(1017, 24, 'DAGUA', '233'),
(1018, 24, 'EL AGUILA', '243'),
(1019, 24, 'EL CAIRO', '246'),
(1020, 24, 'EL CERRITO', '248'),
(1021, 24, 'EL DOVIO', '250'),
(1022, 24, 'FLORIDA', '275'),
(1023, 24, 'GINEBRA', '306'),
(1024, 24, 'GUACARI', '318'),
(1025, 24, 'JAMUNDI', '364'),
(1026, 24, 'LA CUMBRE', '377'),
(1027, 24, 'LA UNION', '400'),
(1028, 24, 'LA VICTORIA', '403'),
(1029, 24, 'OBANDO', '497'),
(1030, 24, 'PALMIRA', '520'),
(1031, 24, 'PRADERA', '563'),
(1032, 24, 'RESTREPO', '606'),
(1033, 24, 'RIOFRIO', '616'),
(1034, 24, 'ROLDANILLO', '622'),
(1035, 24, 'SAN PEDRO', '670'),
(1036, 24, 'SEVILLA', '736'),
(1037, 24, 'TORO', '823'),
(1038, 24, 'TRUJILLO', '828'),
(1039, 24, 'TULUA', '834'),
(1040, 24, 'ULLOA', '845'),
(1041, 24, 'VERSALLES', '863'),
(1042, 24, 'VIJES', '869'),
(1043, 24, 'YOTOCO', '890'),
(1044, 24, 'YUMBO', '892'),
(1045, 24, 'ZARZAL', '895'),
(1046, 25, 'ARAUCA', '001'),
(1047, 25, 'ARAUQUITA', '065'),
(1048, 25, 'CRAVO NORTE', '220'),
(1049, 25, 'FORTUL', '300'),
(1050, 25, 'PUERTO RONDON', '591'),
(1051, 25, 'SARAVENA', '736'),
(1052, 25, 'TAME', '794'),
(1053, 26, 'YOPAL', '001'),
(1054, 26, 'AGUAZUL', '010'),
(1055, 26, 'CHAMEZA', '015'),
(1056, 26, 'HATO COROZAL', '125'),
(1057, 26, 'LA SALINA', '136'),
(1058, 26, 'MANI', '139'),
(1059, 26, 'MONTERREY', '162'),
(1060, 26, 'NUNCHIA', '225'),
(1061, 26, 'OROCUE', '230'),
(1062, 26, 'PAZ DE ARIPORO', '250'),
(1063, 26, 'PORE', '263'),
(1064, 26, 'RECETOR', '279'),
(1065, 26, 'SABANALARGA', '300'),
(1066, 26, 'SACAMA', '315'),
(1067, 26, 'SAN LUIS DE PAL', '325'),
(1068, 26, 'TAMARA', '400'),
(1069, 26, 'TAURAMENA', '410'),
(1070, 26, 'TRINIDAD', '430'),
(1071, 26, 'VILLANUEVA', '440'),
(1072, 27, 'MOCOA', '001'),
(1073, 27, 'COLON', '219'),
(1074, 27, 'ORITO', '320'),
(1075, 27, 'PUERTO ASIS', '568'),
(1076, 27, 'PUERTO CAICEDO', '569'),
(1077, 27, 'PUERTO GUZMAN', '571'),
(1078, 27, 'LEGUIZAMO', '573'),
(1079, 27, 'SIBUNDOY', '749'),
(1080, 27, 'SAN FRANCISCO', '755'),
(1081, 27, 'SAN MIGUEL', '757'),
(1082, 27, 'SANTIAGO', '760'),
(1083, 27, 'VALLE DEL GUAMU', '865'),
(1084, 27, 'VILLAGARZON', '885'),
(1085, 28, 'SAN ANDRES', '001'),
(1086, 28, 'PROVIDENCIA', '564'),
(1087, 29, 'LETICIA', '001'),
(1088, 29, 'EL ENCANTO', '263'),
(1089, 29, 'LA CHORRERA', '405'),
(1090, 29, 'LA PEDRERA', '407'),
(1091, 29, 'LA VICTORIA', '430'),
(1092, 29, 'MIRITI - PARANA', '460'),
(1093, 29, 'PUERTO ALEGRIA', '530'),
(1094, 29, 'PUERTO ARICA', '536'),
(1095, 29, 'PUERTO NARI?O', '540'),
(1096, 29, 'PUERTO SANTANDE', '669'),
(1097, 29, 'TARAPACA', '798'),
(1098, 30, 'INIRIDA', '001'),
(1099, 30, 'BARRANCO MINAS', '343'),
(1100, 30, 'MAPIRIPANA', '663'),
(1101, 30, 'SAN FELIPE', '883'),
(1102, 30, 'PUERTO COLOMBIA', '884'),
(1103, 30, 'LA GUADALUPE', '885'),
(1104, 30, 'CACAHUAL', '886'),
(1105, 30, 'PANA PANA', '887'),
(1106, 30, 'MORICHAL', '888'),
(1107, 31, 'SAN JOSE DEL GU', '001'),
(1108, 31, 'CALAMAR', '015'),
(1109, 31, 'EL RETORNO', '025'),
(1110, 31, 'MIRAFLORES', '200'),
(1111, 32, 'MITU', '001'),
(1112, 32, 'CARURU', '161'),
(1113, 32, 'PACOA', '511'),
(1114, 32, 'TARAIRA', '666'),
(1115, 32, 'PAPUNAUA', '777'),
(1116, 32, 'YAVARATE', '889'),
(1117, 33, 'PUERTO CARRE?O', '001'),
(1118, 33, 'LA PRIMAVERA', '524'),
(1119, 33, 'SANTA ROSALIA', '624'),
(1120, 33, 'CUMARIBO', '773');

-- --------------------------------------------------------

--
-- Estructura de tabla para la tabla `departamento`
--

CREATE TABLE `departamento` (
  `iddepartamento` int(15) NOT NULL,
  `nombre` varchar(15) COLLATE latin1_spanish_ci NOT NULL,
  `codigo` varchar(15) COLLATE latin1_spanish_ci NOT NULL
) ENGINE=InnoDB DEFAULT CHARSET=latin1 COLLATE=latin1_spanish_ci;

--
-- Volcado de datos para la tabla `departamento`
--

INSERT INTO `departamento` (`iddepartamento`, `nombre`, `codigo`) VALUES
(0, 'departamento', 'codigo'),
(1, 'ANTIOQUIA', '05'),
(2, 'ATLANTICO', '08'),
(3, 'BOGOTA', '11'),
(4, 'BOLIVAR', '13'),
(5, 'BOYACA', '15'),
(6, 'CALDAS', '17'),
(7, 'CAQUETA', '18'),
(8, 'CAUCA', '19'),
(9, 'CESAR', '20'),
(10, 'CORDOBA', '23'),
(11, 'CUNDINAMARCA', '25'),
(12, 'CHOCO', '27'),
(13, 'HUILA', '41'),
(14, 'LA GUAJIRA', '44'),
(15, 'MAGDALENA', '47'),
(16, 'META', '50'),
(17, 'NARI?O', '52'),
(18, 'N. DE SANTANDER', '54'),
(19, 'QUINDIO', '63'),
(20, 'RISARALDA', '66'),
(21, 'SANTANDER', '68'),
(22, 'SUCRE', '70'),
(23, 'TOLIMA', '73'),
(24, 'VALLE DEL CAUCA', '76'),
(25, 'ARAUCA', '81'),
(26, 'CASANARE', '85'),
(27, 'PUTUMAYO', '86'),
(28, 'SAN ANDRES', '88'),
(29, 'AMAZONAS', '91'),
(30, 'GUAINIA', '94'),
(31, 'GUAVIARE', '95'),
(32, 'VAUPES', '97'),
(33, 'VICHADA', '99');

-- --------------------------------------------------------

--
-- Estructura de tabla para la tabla `historial`
--

CREATE TABLE `historial` (
  `idhistorial` int(15) NOT NULL,
  `iduser` int(15) NOT NULL,
  `ip` varchar(20) COLLATE latin1_spanish_ci NOT NULL,
  `fecha` varchar(15) COLLATE latin1_spanish_ci NOT NULL
) ENGINE=InnoDB DEFAULT CHARSET=latin1 COLLATE=latin1_spanish_ci;

--
-- Volcado de datos para la tabla `historial`
--

INSERT INTO `historial` (`idhistorial`, `iduser`, `ip`, `fecha`) VALUES
(1, 1, '123', '2016-04-06'),
(2, 1023911054, '::1', '2016-04-22'),
(3, 1023911054, '::1', '2016-04-22'),
(4, 1023911054, '::1', '2016-04-22'),
(5, 1023911054, '::1', '2016-04-22'),
(6, 1023911054, '::1', '2016-04-22'),
(7, 1023911054, '::1', '2016-04-22'),
(8, 1023911054, '::1', '2016-04-22'),
(9, 1023911054, '::1', '2016-04-22'),
(10, 1023911054, '::1', '2016-04-22'),
(11, 1023911054, '::1', '2016-04-22'),
(12, 1023911054, '::1', '2016-04-22'),
(13, 1023911054, '::1', '2016-04-22'),
(14, 1023911054, '::1', '2016-04-22'),
(15, 1023911054, '::1', '2016-04-22'),
(16, 1023911054, '::1', '2016-04-22'),
(17, 1023911054, '::1', '2016-04-22'),
(18, 1023911054, '::1', '2016-04-22'),
(19, 1023911054, '::1', '2016-04-22'),
(20, 1023911054, '::1', '2016-04-22'),
(21, 1023911054, '::1', '2016-04-22'),
(22, 1023911054, '::1', '2016-04-22'),
(23, 1023911054, '::1', '2016-04-22'),
(24, 1023911054, '::1', '2016-04-22'),
(25, 1023911054, '::1', '2016-04-22'),
(26, 1023911054, '::1', '2016-04-22'),
(27, 1023911054, '::1', '2016-04-22'),
(28, 1023911054, '::1', '2016-05-24'),
(29, 1023911054, '::1', '2016-05-24'),
(30, 1023911054, '::1', '2016-05-24'),
(31, 1023911054, '::1', '2016-05-24'),
(32, 1023911054, '::1', '2016-05-24'),
(33, 1023911054, '::1', '2016-05-25'),
(34, 1023911054, '::1', '2016-05-25'),
(35, 1023911054, '::1', '2016-05-26'),
(36, 1023911054, '::1', '2016-05-26'),
(37, 1023911054, '::1', '2016-05-26'),
(38, 1023911054, '::1', '2016-05-26'),
(39, 1023911054, '192.168.0.14', '2016-05-26'),
(40, 1023911054, '192.168.0.23', '2016-06-01'),
(41, 1023911054, '192.168.0.14', '2016-06-01'),
(42, 53055373, '192.168.0.14', '2016-06-01'),
(43, 53055373, '192.168.0.14', '2016-06-01'),
(44, 79596152, '192.168.0.14', '2016-06-01'),
(45, 53055373, '192.168.0.14', '2016-06-03'),
(46, 53055373, '192.168.0.14', '2016-06-03'),
(47, 1023911054, '192.168.0.7', '2016-06-03'),
(48, 1023911054, '192.168.0.25', '2016-06-03'),
(49, 1023911054, '192.168.0.25', '2016-06-03'),
(50, 1030570356, '192.168.0.25', '2016-06-03'),
(51, 1023911054, '192.168.0.7', '2016-06-03'),
(52, 1023911054, '192.168.0.7', '2016-06-03'),
(53, 1030570356, '192.168.0.25', '2016-06-03'),
(54, 1023911054, '192.168.0.29', '2016-06-08'),
(55, 80248331, '192.168.0.22', '2016-06-08'),
(56, 1023911054, '192.168.0.22', '2016-06-08'),
(57, 80248331, '192.168.0.22', '2016-06-08'),
(58, 1030570356, '192.168.0.33', '2016-06-08'),
(59, 1023911054, '192.168.0.7', '2016-06-08'),
(60, 1030570356, '192.168.0.7', '2016-06-08'),
(61, 1023911054, '192.168.0.4', '2016-06-08'),
(62, 1023911054, '192.168.0.3', '2016-06-09'),
(63, 53055373, '192.168.0.3', '2016-06-09'),
(64, 1023911054, '::1', '2016-06-09'),
(65, 1030570356, '192.168.0.7', '2016-06-09'),
(66, 53055373, '::1', '2016-06-10'),
(67, 1023911054, '192.168.0.17', '2016-06-13'),
(68, 1030570356, '192.168.0.7', '2016-06-13'),
(69, 1023911054, '::1', '2016-06-13'),
(70, 1023911054, '::1', '2016-06-16'),
(71, 1030570356, '192.168.0.17', '2016-06-17'),
(72, 1030570356, '127.0.0.1', '2016-06-20'),
(73, 1030570356, '127.0.0.1', '2016-06-21'),
(74, 1030570356, '127.0.0.1', '2016-06-22'),
(75, 1030570356, '127.0.0.1', '2016-06-22'),
(76, 1030570356, '127.0.0.1', '2016-06-22'),
(77, 1030570356, '127.0.0.1', '2016-06-22'),
(78, 1030570356, '192.168.0.24', '2016-06-23'),
(79, 1030570356, '192.168.0.24', '2016-06-23'),
(80, 1030570356, '192.168.0.24', '2016-06-23'),
(81, 1030570356, '192.168.0.24', '2016-06-23'),
(82, 1030570356, '192.168.0.24', '2016-06-23'),
(83, 1030570356, '192.168.0.24', '2016-06-23');

-- --------------------------------------------------------

--
-- Estructura de tabla para la tabla `inventario`
--

CREATE TABLE `inventario` (
  `idinventario` int(15) NOT NULL,
  `idbodega` int(15) NOT NULL,
  `ncedula` int(15) NOT NULL,
  `idmarcas` int(15) NOT NULL,
  `idlineas` int(15) NOT NULL,
  `referencia` varchar(15) COLLATE latin1_spanish_ci NOT NULL,
  `descripcion` varchar(100) COLLATE latin1_spanish_ci NOT NULL,
  `numerolote` varchar(15) COLLATE latin1_spanish_ci NOT NULL,
  `tipopresentacion` varchar(15) COLLATE latin1_spanish_ci NOT NULL,
  `stockminimo` int(4) NOT NULL,
  `stockmaximo` int(4) NOT NULL,
  `precio` double NOT NULL,
  `costo` double NOT NULL,
  `estado` varchar(30) COLLATE latin1_spanish_ci NOT NULL,
  `saldo` int(15) NOT NULL,
  `fechadevencimiento` varchar(15) COLLATE latin1_spanish_ci NOT NULL,
  `iva` int(11) NOT NULL,
  `fechamodificado` varchar(15) COLLATE latin1_spanish_ci NOT NULL
) ENGINE=InnoDB DEFAULT CHARSET=latin1 COLLATE=latin1_spanish_ci;

--
-- Volcado de datos para la tabla `inventario`
--

INSERT INTO `inventario` (`idinventario`, `idbodega`, `ncedula`, `idmarcas`, `idlineas`, `referencia`, `descripcion`, `numerolote`, `tipopresentacion`, `stockminimo`, `stockmaximo`, `precio`, `costo`, `estado`, `saldo`, `fechadevencimiento`, `iva`, `fechamodificado`) VALUES
(780, 1, 1030570356, 1, 3, '00 1015 616', 'TORNILLO CANULADO BAJO PERFIL 4.5 X 16MM', '123', 'UNIDAD', 10, 30, 1, 1, 'ACTIVO', 0, '15/06/2016', 0, ''),
(781, 1, 1030570356, 1, 3, '00 1015 620', 'TORNILLO CANULADO BAJO PERFIL 4.5 X 20MM', '123', 'UNIDAD', 10, 30, 1, 1, 'ACTIVO', 0, '15/06/2016', 0, ''),
(782, 1, 1030570356, 1, 3, '00 1015 624', 'TORNILLO CANULADO BAJO PERFIL 4.5 X 24MM', '123', 'UNIDAD', 10, 30, 1, 1, 'ACTIVO', 0, '15/06/2016', 0, ''),
(783, 1, 1030570356, 1, 3, '00 1015 628', 'TORNILLO CANULADO BAJO PERFIL 4.5 X 28MM', '123', 'UNIDAD', 10, 30, 1, 1, 'ACTIVO', 0, '15/06/2016', 0, ''),
(784, 1, 1030570356, 1, 3, '00 1015 632', 'TORNILLO CANULADO BAJO PERFIL 4.5 X 32MM', '123', 'UNIDAD', 10, 30, 1, 1, 'ACTIVO', 0, '15/06/2016', 0, ''),
(785, 1, 1030570356, 1, 3, '00 1015 636', 'TORNILLO CANULADO BAJO PERFIL 4.5 X 36MM', '123', 'UNIDAD', 10, 30, 1, 1, 'ACTIVO', 0, '15/06/2016', 0, ''),
(786, 1, 1030570356, 1, 2, '00 1015 416', 'PLACA FISIARIA EN I X 16MM-ORIFICIO CENTRAL', '123', 'UNIDAD', 10, 30, 1, 1, 'ACTIVO', 0, '15/06/2016', 0, ''),
(787, 1, 1030570356, 1, 2, '00 1015 422', 'PLACA FISIARIA EN I X 22MM-ORIFICIO CENTRAL', '123', 'UNIDAD', 10, 30, 1, 1, 'ACTIVO', 0, '15/06/2016', 0, ''),
(788, 1, 1030570356, 1, 2, '00 1015 432', 'PLACA FISIARIA EN I X 32MM-ORIFICIO CENTRAL', '123', 'UNIDAD', 10, 30, 1, 1, 'ACTIVO', 0, '15/06/2016', 0, ''),
(789, 1, 1030570356, 1, 2, '00 1012 212', 'PLACA FISIARIA EN O X 12MM-ORIFICIO CENTRAL', '123', 'UNIDAD', 10, 30, 1, 1, 'ACTIVO', 0, '15/06/2016', 0, ''),
(790, 1, 1030570356, 1, 2, '00 1012 216', 'PLACA FISIARIA EN O X 16MM-ORIFICIO CENTRAL', '123', 'UNIDAD', 10, 30, 1, 1, 'ACTIVO', 0, '15/06/2016', 0, ''),
(791, 1, 1030570356, 1, 2, '00 1012 220', 'PLACA FISIARIA EN O X 20MM-ORIFICIO CENTRAL', '123', 'UNIDAD', 10, 30, 1, 1, 'ACTIVO', 0, '15/06/2016', 0, ''),
(792, 1, 1030570356, 1, 2, '00 1012 224', 'PLACA FISIARIA EN O X 24MM-ORIFICIO CENTRAL', '123', 'UNIDAD', 10, 30, 1, 1, 'ACTIVO', 0, '15/06/2016', 0, ''),
(793, 1, 1030570356, 1, 6, '01 1010 007', 'AGUJA GU?A 1.60 MM ', '123', 'UNIDAD', 10, 30, 1, 1, 'ACTIVO', 0, '15/06/2016', 0, ''),
(794, 1, 1030570356, 1, 6, '01 1010 009', 'BROCA CANULADA AO 3.2MM', '123', 'UNIDAD', 10, 30, 1, 1, 'ACTIVO', 0, '15/06/2016', 0, ''),
(795, 1, 1030570356, 1, 6, '01 1010 010', 'GU?A DOBLE PARA BROCA', '123', 'UNIDAD', 10, 30, 1, 1, 'ACTIVO', 0, '15/06/2016', 0, ''),
(796, 1, 1030570356, 1, 6, '01 1030 009', 'MEDIDOR DE PROFUNDIDAD', '123', 'UNIDAD', 10, 30, 1, 1, 'ACTIVO', 0, '15/06/2016', 0, ''),
(797, 1, 1030570356, 1, 6, '01 1030 001', 'MANGO DE ANCLAJE R?PIDO', '123', 'UNIDAD', 10, 30, 1, 1, 'ACTIVO', 0, '15/06/2016', 0, ''),
(798, 1, 1030570356, 1, 6, '01 1010 006', 'ATORNILLADOR HEXAGONAL CANULADO 3.5 ', '123', 'UNIDAD', 10, 30, 1, 1, 'ACTIVO', 0, '15/06/2016', 0, ''),
(799, 1, 1030570356, 1, 6, '01 1010 001', 'MINI MANGO EN T', '123', 'UNIDAD', 10, 30, 1, 1, 'ACTIVO', 0, '15/06/2016', 0, ''),
(800, 1, 1030570356, 1, 6, '01 1010 002', 'GRIFA DERECHA', '123', 'UNIDAD', 10, 30, 1, 1, 'ACTIVO', 0, '15/06/2016', 0, ''),
(801, 1, 1030570356, 1, 6, '01 1010 003', 'CEPILLO DE LIMPIEZA X 1.70MM ', '123', 'UNIDAD', 10, 30, 1, 1, 'ACTIVO', 0, '15/06/2016', 0, ''),
(802, 1, 1030570356, 1, 6, '01 1010 004', 'ESTILETE DE LIMPIEZA', '123', 'UNIDAD', 10, 30, 1, 1, 'ACTIVO', 0, '15/06/2016', 0, ''),
(803, 1, 1030570356, 1, 6, '09 1010 010', 'GU?A AUTOCENTRANTE DE BROCA', '123', 'UNIDAD', 10, 30, 1, 1, 'ACTIVO', 0, '15/06/2016', 0, ''),
(804, 1, 1030570356, 1, 6, '01 1030 007', 'PINZA AUTOSUJECI?N PARA TORNILLOS', '123', 'UNIDAD', 10, 30, 1, 1, 'ACTIVO', 0, '15/06/2016', 0, ''),
(805, 1, 1030570356, 1, 6, '01 1010 012', 'MEDIDOR DE PROFUNDIDAD', '123', 'UNIDAD', 10, 30, 1, 1, 'ACTIVO', 0, '15/06/2016', 0, ''),
(806, 1, 1030570356, 1, 6, '01 1010 013', 'GRIFA IZQUIERDA', '123', 'UNIDAD', 10, 30, 1, 1, 'ACTIVO', 0, '15/06/2016', 0, ''),
(807, 1, 1030570356, 1, 6, '01 1010 014', 'ATORNILLADOR HEXAGONAL AO 3.5 ', '123', 'UNIDAD', 10, 30, 1, 1, 'ACTIVO', 0, '15/06/2016', 0, ''),
(808, 1, 1030570356, 1, 6, '01 1010 603', 'BASE CONTENEDOR PLACAS FISIARIAS', '123', 'UNIDAD', 10, 30, 1, 1, 'ACTIVO', 0, '15/06/2016', 0, ''),
(809, 1, 1030570356, 1, 6, '01 1010 604', 'BANDEJA SUPERIOR PLACAS FISIARIAS', '123', 'UNIDAD', 10, 30, 1, 1, 'ACTIVO', 0, '15/06/2016', 0, ''),
(810, 1, 1030570356, 1, 6, '01 1010 605', 'TAPA DE CONTENEDOR PLACAS FISIARIAS', '123', 'UNIDAD', 10, 30, 1, 1, 'ACTIVO', 0, '15/06/2016', 0, ''),
(811, 1, 1030570356, 1, 6, '01 1010 606', 'CAJA DE TORNILLOS PLACAS FISIARIAS', '123', 'UNIDAD', 10, 30, 1, 1, 'ACTIVO', 0, '15/06/2016', 0, ''),
(812, 1, 1030570356, 1, 4, '00 1000 120', 'TAP?N 2.0 PARA CLAVO FLEXIBLE', '123', 'UNIDAD', 10, 30, 1, 1, 'ACTIVO', 0, '15/06/2016', 0, ''),
(813, 1, 1030570356, 1, 4, '00 1000 125', 'TAP?N 2.5 PARA CLAVO FLEXIBLE', '123', 'UNIDAD', 10, 30, 1, 1, 'ACTIVO', 0, '15/06/2016', 0, ''),
(814, 1, 1030570356, 1, 4, '00 1000 130', 'TAP?N 3.0 PARA CLAVO FLEXIBLE', '123', 'UNIDAD', 10, 30, 1, 1, 'ACTIVO', 0, '15/06/2016', 0, ''),
(815, 1, 1030570356, 1, 4, '00 1000 135', 'TAP?N 3.5 PARA CLAVO FLEXIBLE', '123', 'UNIDAD', 10, 30, 1, 1, 'ACTIVO', 0, '15/06/2016', 0, ''),
(816, 1, 1030570356, 1, 4, '00 1000 140', 'TAP?N 4.0 PARA CLAVO FLEXIBLE', '123', 'UNIDAD', 10, 30, 1, 1, 'ACTIVO', 0, '15/06/2016', 0, ''),
(817, 1, 1030570356, 1, 4, '00 1000 145', 'TAP?N 4.5 PARA CLAVO FLEXIBLE', '123', 'UNIDAD', 10, 30, 1, 1, 'ACTIVO', 0, '15/06/2016', 0, ''),
(818, 1, 1030570356, 1, 5, '00 1000 515', 'CLAVO FLEXIBLE EN TITANIO 1.5MM PUNTA REDONDA', '123', 'UNIDAD', 10, 30, 1, 1, 'ACTIVO', 0, '15/06/2016', 0, ''),
(819, 1, 1030570356, 1, 5, '00 1000 520', 'CLAVO FLEXIBLE EN TITANIO 2.0MM PUNTA REDONDA', '123', 'UNIDAD', 10, 30, 1, 1, 'ACTIVO', 0, '15/06/2016', 0, ''),
(820, 1, 1030570356, 1, 5, '00 1000 525', 'CLAVO FLEXIBLE EN TITANIO 2.5MM PUNTA REDONDA', '123', 'UNIDAD', 10, 30, 1, 1, 'ACTIVO', 0, '15/06/2016', 0, ''),
(821, 1, 1030570356, 1, 5, '00 1000 530', 'CLAVO FLEXIBLE EN TITANIO 3.0MM PUNTA REDONDA', '123', 'UNIDAD', 10, 30, 1, 1, 'ACTIVO', 0, '15/06/2016', 0, ''),
(822, 1, 1030570356, 1, 5, '00 1000 535', 'CLAVO FLEXIBLE EN TITANIO 3.5MM PUNTA REDONDA', '123', 'UNIDAD', 10, 30, 1, 1, 'ACTIVO', 0, '15/06/2016', 0, ''),
(823, 1, 1030570356, 1, 5, '00 1000 540', 'CLAVO FLEXIBLE EN TITANIO 4.0MM PUNTA REDONDA', '123', 'UNIDAD', 10, 30, 1, 1, 'ACTIVO', 0, '15/06/2016', 0, ''),
(824, 1, 1030570356, 1, 5, '00 1000 545', 'CLAVO FLEXIBLE EN TITANIO 4.5MM PUNTA REDONDA', '123', 'UNIDAD', 10, 30, 1, 1, 'ACTIVO', 0, '15/06/2016', 0, ''),
(825, 1, 1030570356, 1, 6, '01 1000 013', 'CORTADOR CLAVO FLEXIBLE', '123', 'UNIDAD', 10, 30, 1, 1, 'ACTIVO', 0, '15/06/2016', 0, ''),
(826, 1, 1030570356, 1, 6, '01 1000 018', 'EXTRACTOR DE AGUJAS', '123', 'UNIDAD', 10, 30, 1, 1, 'ACTIVO', 0, '15/06/2016', 0, ''),
(827, 1, 1030570356, 1, 6, '01 1000 026', 'GU?A DE BROCA 5.0', '123', 'UNIDAD', 10, 30, 1, 1, 'ACTIVO', 0, '15/06/2016', 0, ''),
(828, 1, 1030570356, 1, 6, '01 1000 012', 'GU?A DOBLE DE BROCA 3.2/4.5 ', '123', 'UNIDAD', 10, 30, 1, 1, 'ACTIVO', 0, '15/06/2016', 0, ''),
(829, 1, 1030570356, 1, 6, '01 1000 008', 'GU?A DOBLE DE BROCA 2.7/ 2.0 ', '123', 'UNIDAD', 10, 30, 1, 1, 'ACTIVO', 0, '15/06/2016', 0, ''),
(830, 1, 1030570356, 1, 6, '01 1000 009', 'BROCA 2.7MM ', '123', 'UNIDAD', 10, 30, 1, 1, 'ACTIVO', 0, '15/06/2016', 0, ''),
(831, 1, 1030570356, 1, 6, '01 1000 010', 'BROCA 3.2MM', '123', 'UNIDAD', 10, 30, 1, 1, 'ACTIVO', 0, '15/06/2016', 0, ''),
(832, 1, 1030570356, 1, 6, '01 1000 011', 'BROCA 4.5MM ', '123', 'UNIDAD', 10, 30, 1, 1, 'ACTIVO', 0, '15/06/2016', 0, ''),
(833, 1, 1030570356, 1, 6, '01 1000 025', 'BROCA 5.0MM ', '123', 'UNIDAD', 10, 30, 1, 1, 'ACTIVO', 0, '15/06/2016', 0, ''),
(834, 1, 1030570356, 1, 6, '01 1000 014', 'BROCA 2.0 ', '123', 'UNIDAD', 10, 30, 1, 1, 'ACTIVO', 0, '15/06/2016', 0, ''),
(835, 1, 1030570356, 1, 6, '01 1000 004', 'MASO DESLIZANTE /MARTILLO ', '123', 'UNIDAD', 10, 30, 1, 1, 'ACTIVO', 0, '15/06/2016', 0, ''),
(836, 1, 1030570356, 1, 6, '01 1000 016', 'MARTILLO S?LIDO', '123', 'UNIDAD', 10, 30, 1, 1, 'ACTIVO', 0, '15/06/2016', 0, ''),
(837, 1, 1030570356, 1, 6, '01 1000 019', 'IMPACTOR CORTO - 5MM', '123', 'UNIDAD', 10, 30, 1, 1, 'ACTIVO', 0, '15/06/2016', 0, ''),
(838, 1, 1030570356, 1, 6, '01 1000 020', 'IMPACTOR LARGO - 8MM', '123', 'UNIDAD', 10, 30, 1, 1, 'ACTIVO', 0, '15/06/2016', 0, ''),
(839, 1, 1030570356, 1, 6, '01 1000 027', 'INSERTOR CLAVO FLEXIBLE', '123', 'UNIDAD', 10, 30, 1, 1, 'ACTIVO', 0, '15/06/2016', 0, ''),
(840, 1, 1030570356, 1, 6, '01 1000 027', 'INSERTOR CLAVO FLEXIBLE', '123', 'UNIDAD', 10, 30, 1, 1, 'ACTIVO', 0, '15/06/2016', 0, ''),
(841, 1, 1030570356, 1, 6, '01 1000 022', 'BARRA DE CORTE (3 PIEZAS)', '123', 'UNIDAD', 10, 30, 1, 1, 'ACTIVO', 0, '15/06/2016', 0, ''),
(842, 1, 1030570356, 1, 6, '01 1000 023', 'DOBLADOR DE BARRA', '123', 'UNIDAD', 10, 30, 1, 1, 'ACTIVO', 0, '15/06/2016', 0, ''),
(843, 1, 1030570356, 1, 6, '01 1000 024', 'MANGO INICIADOR CURVO', '123', 'UNIDAD', 10, 30, 1, 1, 'ACTIVO', 0, '15/06/2016', 0, ''),
(844, 1, 1030570356, 1, 6, '01 1000 015', 'F-HERRAMIENTA', '123', 'UNIDAD', 10, 30, 1, 1, 'ACTIVO', 0, '15/06/2016', 0, ''),
(845, 1, 1030570356, 1, 6, '01 1000 401', 'BASE INSTRUMENTAL CLAVO FLEXIBLE ', '123', 'UNIDAD', 10, 30, 1, 1, 'ACTIVO', 0, '15/06/2016', 0, ''),
(846, 1, 1030570356, 1, 6, '01 1000 402', 'BANDEJA INSTRUMENTAL  CLAVO FLEXIBLE ', '123', 'UNIDAD', 10, 30, 1, 1, 'ACTIVO', 0, '15/06/2016', 0, ''),
(847, 1, 1030570356, 1, 6, '01 1000 403', 'BANDEJA IMPLANTES  CLAVO FLEXIBLE ', '123', 'UNIDAD', 10, 30, 1, 1, 'ACTIVO', 0, '15/06/2016', 0, ''),
(848, 1, 1030570356, 1, 6, '01 1000 504', 'TAPA INSTRUMENTAL  CLAVO FLEXIBLE ', '123', 'UNIDAD', 10, 30, 1, 1, 'ACTIVO', 0, '15/06/2016', 0, ''),
(849, 1, 1030570356, 1, 6, '01 1000 601', 'CONTENEDOR DE INSTRUMENTAL N.2 CLAVO FLEXIBLE(+ TAPA)', '123', 'UNIDAD', 10, 30, 1, 1, 'ACTIVO', 0, '15/06/2016', 0, ''),
(850, 1, 1030570356, 1, 6, '01 1000 602', 'BANDEJA DE IMPLANTES N. 2 CLAVO FLEXIBLE', '123', 'UNIDAD', 10, 30, 1, 1, 'ACTIVO', 0, '15/06/2016', 0, ''),
(851, 1, 1030570356, 1, 2, '00 1050 3210', 'PLACA PARA FEMUR CURVADA BLOQUEADA 3.5 X 10  ORIFICIOS', '123', 'UNIDAD', 10, 30, 1, 1, 'ACTIVO', 0, '15/06/2016', 0, ''),
(852, 1, 1030570356, 1, 2, '00 1050 3212', 'PLACA PARA FEMUR CURVADA BLOQUEADA 3.5 X 12  ORIFICIOS', '123', 'UNIDAD', 10, 30, 1, 1, 'ACTIVO', 0, '15/06/2016', 0, ''),
(853, 1, 1030570356, 1, 2, '00 1050 3214', 'PLACA PARA FEMUR CURVADA BLOQUEADA 3.5 X 14  ORIFICIOS', '123', 'UNIDAD', 10, 30, 1, 1, 'ACTIVO', 0, '15/06/2016', 0, ''),
(854, 1, 1030570356, 1, 2, '00 1050 3216', 'PLACA PARA FEMUR CURVADA BLOQUEADA 3.5 X 16  ORIFICIOS', '123', 'UNIDAD', 10, 30, 1, 1, 'ACTIVO', 0, '15/06/2016', 0, ''),
(855, 1, 1030570356, 1, 2, '00 1050 3218', 'PLACA PARA FEMUR CURVADA BLOQUEADA 3.5 X 18  ORIFICIOS', '123', 'UNIDAD', 10, 30, 1, 1, 'ACTIVO', 0, '15/06/2016', 0, ''),
(856, 1, 1030570356, 1, 2, '00 1050 3010', 'PLACA PARA FEMUR CONTORNEADA BLOQUEADA 3.5MM X 10 ORIFICIOS DERECHA', '123', 'UNIDAD', 10, 30, 1, 1, 'ACTIVO', 0, '15/06/2016', 0, ''),
(857, 1, 1030570356, 1, 2, '00 1050 3012', 'PLACA PARA FEMUR CONTORNEADA BLOQUEADA 3.5MM X 12 ORIFICIOS DERECHA', '123', 'UNIDAD', 10, 30, 1, 1, 'ACTIVO', 0, '15/06/2016', 0, ''),
(858, 1, 1030570356, 1, 2, '00 1050 3014', 'PLACA PARA FEMUR CONTORNEADA BLOQUEADA 3.5MM X 14 ORIFICIOS DERECHA', '123', 'UNIDAD', 10, 30, 1, 1, 'ACTIVO', 0, '15/06/2016', 0, ''),
(859, 1, 1030570356, 1, 2, '00 1050 3016', 'PLACA PARA FEMUR CONTORNEADA BLOQUEADA 3.5MM X 16 ORIFICIOS DERECHA', '123', 'UNIDAD', 10, 30, 1, 1, 'ACTIVO', 0, '15/06/2016', 0, ''),
(860, 1, 1030570356, 1, 2, '00 1050 3018', 'PLACA PARA FEMUR CONTORNEADA BLOQUEADA 3.5MM X 18 ORIFICIOS DERECHA', '123', 'UNIDAD', 10, 30, 1, 1, 'ACTIVO', 0, '15/06/2016', 0, ''),
(861, 1, 1030570356, 1, 2, '00 1050 3110', 'PLACA PARA FEMUR CONTORNEADA BLOQUEADA 3.5MM  X 10 ORIFICIOS IZQUIERDA', '123', 'UNIDAD', 10, 30, 1, 1, 'ACTIVO', 0, '15/06/2016', 0, ''),
(862, 1, 1030570356, 1, 2, '00 1050 3112', 'PLACA PARA FEMUR CONTORNEADA BLOQUEADA 3.5MM  X 12 ORIFICIOS IZQUIERDA', '123', 'UNIDAD', 10, 30, 1, 1, 'ACTIVO', 0, '15/06/2016', 0, ''),
(863, 1, 1030570356, 1, 2, '00 1050 3114', 'PLACA PARA FEMUR CONTORNEADA BLOQUEADA 3.5MM  X 14 ORIFICIOS IZQUIERDA', '123', 'UNIDAD', 10, 30, 1, 1, 'ACTIVO', 0, '15/06/2016', 0, ''),
(864, 1, 1030570356, 1, 2, '00 1050 3116', 'PLACA PARA FEMUR CONTORNEADA BLOQUEADA 3.5MM  X 16 ORIFICIOS IZQUIERDA', '123', 'UNIDAD', 10, 30, 1, 1, 'ACTIVO', 0, '15/06/2016', 0, ''),
(865, 1, 1030570356, 1, 2, '00 1050 3118', 'PLACA PARA FEMUR CONTORNEADA BLOQUEADA 3.5MM  X 18 ORIFICIOS IZQUIERDA', '123', 'UNIDAD', 10, 30, 1, 1, 'ACTIVO', 0, '15/06/2016', 0, ''),
(866, 1, 1030570356, 1, 6, '01 1050 0014', 'GRIFA 9IN', '123', 'UNIDAD', 10, 30, 1, 1, 'ACTIVO', 0, '15/06/2016', 0, ''),
(867, 1, 1030570356, 1, 6, '01 1050 0046', 'MANGO SOPORTE DE PLACA 3.5 ROSCADO', '123', 'UNIDAD', 10, 30, 1, 1, 'ACTIVO', 0, '15/06/2016', 0, ''),
(868, 1, 1030570356, 1, 6, '01 1050 0038', 'DESTORNILLADOR HEXAGONAL 3.5 CON VAINA DE SUJECI?N', '123', 'UNIDAD', 10, 30, 1, 1, 'ACTIVO', 0, '15/06/2016', 0, ''),
(869, 1, 1030570356, 1, 6, '01 1050 0012', 'ATORNILLADOR HEXAGONAL 3.5 MM ', '123', 'UNIDAD', 10, 30, 1, 1, 'ACTIVO', 0, '15/06/2016', 0, ''),
(870, 1, 1030570356, 1, 6, '01 1050 3001', 'CONTENEDOR PLACA ANAT?MICA 3.5MM ', '123', 'UNIDAD', 10, 30, 1, 1, 'ACTIVO', 0, '15/06/2016', 0, ''),
(871, 1, 1030570356, 1, 6, '01 1050 3002', 'BANDEJA DE IMPLANTES PLACA ANAT?MICA 3.5MM', '123', 'UNIDAD', 10, 30, 1, 1, 'ACTIVO', 0, '15/06/2016', 0, ''),
(872, 1, 1030570356, 1, 6, '01 1050 3003', 'TAPA CONTENEDOR PLACA ANAT?MICA 3.5MM ', '123', 'UNIDAD', 10, 30, 1, 1, 'ACTIVO', 0, '15/06/2016', 0, ''),
(873, 1, 1030570356, 1, 2, '00 1050 4410', 'PLACA PARA FEMUR CURVADA BLOQUEADA 4.5MM 10  ORIFICIOS ', '123', 'UNIDAD', 10, 30, 1, 1, 'ACTIVO', 0, '15/06/2016', 0, ''),
(874, 1, 1030570356, 1, 2, '00 1050 4412', 'PLACA PARA FEMUR CURVADA BLOQUEADA 4.5MM 12  ORIFICIOS ', '123', 'UNIDAD', 10, 30, 1, 1, 'ACTIVO', 0, '15/06/2016', 0, ''),
(875, 1, 1030570356, 1, 2, '00 1050 4414', 'PLACA PARA FEMUR CURVADA BLOQUEADA 4.5MM 14  ORIFICIOS ', '123', 'UNIDAD', 10, 30, 1, 1, 'ACTIVO', 0, '15/06/2016', 0, ''),
(876, 1, 1030570356, 1, 2, '00 1050 4416', 'PLACA PARA FEMUR CURVADA BLOQUEADA 4.5MM 16  ORIFICIOS ', '123', 'UNIDAD', 10, 30, 1, 1, 'ACTIVO', 0, '15/06/2016', 0, ''),
(877, 1, 1030570356, 1, 2, '00 1050 4418', 'PLACA PARA FEMUR CURVADA BLOQUEADA 4.5MM 18  ORIFICIOS ', '123', 'UNIDAD', 10, 30, 1, 1, 'ACTIVO', 0, '15/06/2016', 0, ''),
(878, 1, 1030570356, 1, 2, '00 1050 4212', 'PLACA PARA FEMUR CONTORNEADA BLOQUEADA 4.5MM 12 ORIFICIOS DERECHA', '123', 'UNIDAD', 10, 30, 1, 1, 'ACTIVO', 0, '15/06/2016', 0, ''),
(879, 1, 1030570356, 1, 2, '00 1050 4214', 'PLACA PARA FEMUR CONTORNEADA BLOQUEADA 4.5MM 14 ORIFICIOS DERECHA', '123', 'UNIDAD', 10, 30, 1, 1, 'ACTIVO', 0, '15/06/2016', 0, ''),
(880, 1, 1030570356, 1, 2, '00 1050 4216', 'PLACA PARA FEMUR CONTORNEADA BLOQUEADA 4.5MM 16 ORIFICIOS DERECHA', '123', 'UNIDAD', 10, 30, 1, 1, 'ACTIVO', 0, '15/06/2016', 0, ''),
(881, 1, 1030570356, 1, 2, '00 1050 4218', 'PLACA PARA FEMUR CONTORNEADA BLOQUEADA 4.5MM 18 ORIFICIOS DERECHA', '123', 'UNIDAD', 10, 30, 1, 1, 'ACTIVO', 0, '15/06/2016', 0, ''),
(882, 1, 1030570356, 1, 2, '00 1050 4220', 'PLACA PARA FEMUR CONTORNEADA BLOQUEADA 4.5MM 20 ORIFICIOS DERECHA', '123', 'UNIDAD', 10, 30, 1, 1, 'ACTIVO', 0, '15/06/2016', 0, ''),
(883, 1, 1030570356, 1, 2, '00 1050 4312', 'PLACA PARA FEMUR CONTORNEADA BLOQUEADA 4.5MM 12 ORIFICIOS IZQUIERDA', '123', 'UNIDAD', 10, 30, 1, 1, 'ACTIVO', 0, '15/06/2016', 0, ''),
(884, 1, 1030570356, 1, 2, '00 1050 4314', 'PLACA PARA FEMUR CONTORNEADA BLOQUEADA 4.5MM 14 ORIFICIOS IZQUIERDA', '123', 'UNIDAD', 10, 30, 1, 1, 'ACTIVO', 0, '15/06/2016', 0, ''),
(885, 1, 1030570356, 1, 2, '00 1050 4316', 'PLACA PARA FEMUR CONTORNEADA BLOQUEADA 4.5MM 16 ORIFICIOS IZQUIERDA', '123', 'UNIDAD', 10, 30, 1, 1, 'ACTIVO', 0, '15/06/2016', 0, ''),
(886, 1, 1030570356, 1, 2, '00 1050 4318', 'PLACA PARA FEMUR CONTORNEADA BLOQUEADA 4.5MM 18 ORIFICIOS IZQUIERDA', '123', 'UNIDAD', 10, 30, 1, 1, 'ACTIVO', 0, '15/06/2016', 0, ''),
(887, 1, 1030570356, 1, 2, '00 1050 4320', 'PLACA PARA FEMUR CONTORNEADA BLOQUEADA 4.5MM 20 ORIFICIOS IZQUIERDA', '123', 'UNIDAD', 10, 30, 1, 1, 'ACTIVO', 0, '15/06/2016', 0, ''),
(888, 1, 1030570356, 1, 3, '00 1050 4610', 'TORNILLO CORTICAL BLOQUEADO 4.5MM ROSCA COMPLETA 10MM', '123', 'UNIDAD', 10, 30, 1, 1, 'ACTIVO', 0, '15/06/2016', 0, ''),
(889, 1, 1030570356, 1, 3, '00 1050 4612', 'TORNILLO CORTICAL BLOQUEADO 4.5MM ROSCA COMPLETA 12MM', '123', 'UNIDAD', 10, 30, 1, 1, 'ACTIVO', 0, '15/06/2016', 0, ''),
(890, 1, 1030570356, 1, 3, '00 1050 4614', 'TORNILLO CORTICAL BLOQUEADO 4.5MM ROSCA COMPLETA 14MM', '123', 'UNIDAD', 10, 30, 1, 1, 'ACTIVO', 0, '15/06/2016', 0, ''),
(891, 1, 1030570356, 1, 3, '00 1050 4616', 'TORNILLO CORTICAL BLOQUEADO 4.5MM ROSCA COMPLETA 16MM', '123', 'UNIDAD', 10, 30, 1, 1, 'ACTIVO', 0, '15/06/2016', 0, ''),
(892, 1, 1030570356, 1, 3, '00 1050 4618', 'TORNILLO CORTICAL BLOQUEADO 4.5MM ROSCA COMPLETA 18MM', '123', 'UNIDAD', 10, 30, 1, 1, 'ACTIVO', 0, '15/06/2016', 0, ''),
(893, 1, 1030570356, 1, 3, '00 1050 4620', 'TORNILLO CORTICAL BLOQUEADO 4.5MM ROSCA COMPLETA 20MM', '123', 'UNIDAD', 10, 30, 1, 1, 'ACTIVO', 0, '15/06/2016', 0, ''),
(894, 1, 1030570356, 1, 3, '00 1050 4622', 'TORNILLO CORTICAL BLOQUEADO 4.5MM ROSCA COMPLETA 22MM', '123', 'UNIDAD', 10, 30, 1, 1, 'ACTIVO', 0, '15/06/2016', 0, ''),
(895, 1, 1030570356, 1, 3, '00 1050 4624', 'TORNILLO CORTICAL BLOQUEADO 4.5MM ROSCA COMPLETA 24MM', '123', 'UNIDAD', 10, 30, 1, 1, 'ACTIVO', 0, '15/06/2016', 0, ''),
(896, 1, 1030570356, 1, 3, '00 1050 4626', 'TORNILLO CORTICAL BLOQUEADO 4.5MM ROSCA COMPLETA 26MM', '123', 'UNIDAD', 10, 30, 1, 1, 'ACTIVO', 0, '15/06/2016', 0, ''),
(897, 1, 1030570356, 1, 3, '00 1050 4628', 'TORNILLO CORTICAL BLOQUEADO 4.5MM ROSCA COMPLETA 28MM', '123', 'UNIDAD', 10, 30, 1, 1, 'ACTIVO', 0, '15/06/2016', 0, ''),
(898, 1, 1030570356, 1, 3, '00 1050 4630', 'TORNILLO CORTICAL BLOQUEADO 4.5MM ROSCA COMPLETA 30MM', '123', 'UNIDAD', 10, 30, 1, 1, 'ACTIVO', 0, '15/06/2016', 0, ''),
(899, 1, 1030570356, 1, 3, '00 1050 4632', 'TORNILLO CORTICAL BLOQUEADO 4.5MM ROSCA COMPLETA 32MM', '123', 'UNIDAD', 10, 30, 1, 1, 'ACTIVO', 0, '15/06/2016', 0, ''),
(900, 1, 1030570356, 1, 3, '00 1050 4634', 'TORNILLO CORTICAL BLOQUEADO 4.5MM ROSCA COMPLETA 34MM', '123', 'UNIDAD', 10, 30, 1, 1, 'ACTIVO', 0, '15/06/2016', 0, ''),
(901, 1, 1030570356, 1, 3, '00 1050 4636', 'TORNILLO CORTICAL BLOQUEADO 4.5MM ROSCA COMPLETA 36MM', '123', 'UNIDAD', 10, 30, 1, 1, 'ACTIVO', 0, '15/06/2016', 0, ''),
(902, 1, 1030570356, 1, 3, '00 1050 4638', 'TORNILLO CORTICAL BLOQUEADO 4.5MM ROSCA COMPLETA 38MM', '123', 'UNIDAD', 10, 30, 1, 1, 'ACTIVO', 0, '15/06/2016', 0, ''),
(903, 1, 1030570356, 1, 3, '00 1050 4640', 'TORNILLO CORTICAL BLOQUEADO 4.5MM ROSCA COMPLETA 40MM', '123', 'UNIDAD', 10, 30, 1, 1, 'ACTIVO', 0, '15/06/2016', 0, ''),
(904, 1, 1030570356, 1, 3, '00 1050 4642', 'TORNILLO CORTICAL BLOQUEADO 4.5MM ROSCA COMPLETA 42MM', '123', 'UNIDAD', 10, 30, 1, 1, 'ACTIVO', 0, '15/06/2016', 0, ''),
(905, 1, 1030570356, 1, 3, '00 1050 4644', 'TORNILLO CORTICAL BLOQUEADO 4.5MM ROSCA COMPLETA 44MM', '123', 'UNIDAD', 10, 30, 1, 1, 'ACTIVO', 0, '15/06/2016', 0, ''),
(906, 1, 1030570356, 1, 3, '00 1050 4646', 'TORNILLO CORTICAL BLOQUEADO 4.5MM ROSCA COMPLETA 46MM', '123', 'UNIDAD', 10, 30, 1, 1, 'ACTIVO', 0, '15/06/2016', 0, ''),
(907, 1, 1030570356, 1, 3, '00 1050 4648', 'TORNILLO CORTICAL BLOQUEADO 4.5MM ROSCA COMPLETA 48MM', '123', 'UNIDAD', 10, 30, 1, 1, 'ACTIVO', 0, '15/06/2016', 0, ''),
(908, 1, 1030570356, 1, 3, '00 1050 4650', 'TORNILLO CORTICAL BLOQUEADO 4.5MM ROSCA COMPLETA 50MM', '123', 'UNIDAD', 10, 30, 1, 1, 'ACTIVO', 0, '15/06/2016', 0, ''),
(909, 1, 1030570356, 1, 3, '00 1050 4652', 'TORNILLO CORTICAL BLOQUEADO 4.5MM ROSCA COMPLETA 52MM', '123', 'UNIDAD', 10, 30, 1, 1, 'ACTIVO', 0, '15/06/2016', 0, ''),
(910, 1, 1030570356, 1, 3, '00 1050 4654', 'TORNILLO CORTICAL BLOQUEADO 4.5MM ROSCA COMPLETA 54MM', '123', 'UNIDAD', 10, 30, 1, 1, 'ACTIVO', 0, '15/06/2016', 0, ''),
(911, 1, 1030570356, 1, 3, '00 1050 4656', 'TORNILLO CORTICAL BLOQUEADO 4.5MM ROSCA COMPLETA 56MM', '123', 'UNIDAD', 10, 30, 1, 1, 'ACTIVO', 0, '15/06/2016', 0, ''),
(912, 1, 1030570356, 1, 3, '00 1050 4658', 'TORNILLO CORTICAL BLOQUEADO 4.5MM ROSCA COMPLETA 58MM', '123', 'UNIDAD', 10, 30, 1, 1, 'ACTIVO', 0, '15/06/2016', 0, ''),
(913, 1, 1030570356, 1, 3, '00 1050 4660', 'TORNILLO CORTICAL BLOQUEADO 4.5MM ROSCA COMPLETA 60MM', '123', 'UNIDAD', 10, 30, 1, 1, 'ACTIVO', 0, '15/06/2016', 0, ''),
(914, 1, 1030570356, 1, 3, '00 1050 4665', 'TORNILLO CORTICAL BLOQUEADO 4.5MM ROSCA COMPLETA 65MM', '123', 'UNIDAD', 10, 30, 1, 1, 'ACTIVO', 0, '15/06/2016', 0, ''),
(915, 1, 1030570356, 1, 3, '00 1050 4670', 'TORNILLO CORTICAL BLOQUEADO 4.5MM ROSCA COMPLETA 70MM', '123', 'UNIDAD', 10, 30, 1, 1, 'ACTIVO', 0, '15/06/2016', 0, ''),
(916, 1, 1030570356, 1, 3, '00 1050 4675', 'TORNILLO CORTICAL BLOQUEADO 4.5MM ROSCA COMPLETA 75MM', '123', 'UNIDAD', 10, 30, 1, 1, 'ACTIVO', 0, '15/06/2016', 0, ''),
(917, 1, 1030570356, 1, 3, '00 1050 4680', 'TORNILLO CORTICAL BLOQUEADO 4.5MM ROSCA COMPLETA 80MM', '123', 'UNIDAD', 10, 30, 1, 1, 'ACTIVO', 0, '15/06/2016', 0, ''),
(918, 1, 1030570356, 1, 3, '00 1050 4685', 'TORNILLO CORTICAL BLOQUEADO 4.5MM ROSCA COMPLETA 85MM', '123', 'UNIDAD', 10, 30, 1, 1, 'ACTIVO', 0, '15/06/2016', 0, ''),
(919, 1, 1030570356, 1, 3, '00 1050 4690', 'TORNILLO CORTICAL BLOQUEADO 4.5MM ROSCA COMPLETA 90MM', '123', 'UNIDAD', 10, 30, 1, 1, 'ACTIVO', 0, '15/06/2016', 0, ''),
(920, 1, 1030570356, 1, 3, '00 1050 4510', 'TORNILLO CORTICAL NO BLOQUEADO 4.5MM ROSCA COMPLETA 10MM', '123', 'UNIDAD', 10, 30, 1, 1, 'ACTIVO', 0, '15/06/2016', 0, ''),
(921, 1, 1030570356, 1, 3, '00 1050 4512', 'TORNILLO CORTICAL NO BLOQUEADO 4.5MM ROSCA COMPLETA 12MM', '123', 'UNIDAD', 10, 30, 1, 1, 'ACTIVO', 0, '15/06/2016', 0, ''),
(922, 1, 1030570356, 1, 3, '00 1050 4514', 'TORNILLO CORTICAL NO BLOQUEADO 4.5MM ROSCA COMPLETA 14MM', '123', 'UNIDAD', 10, 30, 1, 1, 'ACTIVO', 0, '15/06/2016', 0, ''),
(923, 1, 1030570356, 1, 3, '00 1050 4516', 'TORNILLO CORTICAL NO BLOQUEADO 4.5MM ROSCA COMPLETA 16MM', '123', 'UNIDAD', 10, 30, 1, 1, 'ACTIVO', 0, '15/06/2016', 0, ''),
(924, 1, 1030570356, 1, 3, '00 1050 4518', 'TORNILLO CORTICAL NO BLOQUEADO 4.5MM ROSCA COMPLETA 18MM', '123', 'UNIDAD', 10, 30, 1, 1, 'ACTIVO', 0, '15/06/2016', 0, ''),
(925, 1, 1030570356, 1, 3, '00 1050 4520', 'TORNILLO CORTICAL NO BLOQUEADO 4.5MM ROSCA COMPLETA 20MM', '123', 'UNIDAD', 10, 30, 1, 1, 'ACTIVO', 0, '15/06/2016', 0, ''),
(926, 1, 1030570356, 1, 3, '00 1050 4522', 'TORNILLO CORTICAL NO BLOQUEADO 4.5MM ROSCA COMPLETA 22MM', '123', 'UNIDAD', 10, 30, 1, 1, 'ACTIVO', 0, '15/06/2016', 0, ''),
(927, 1, 1030570356, 1, 3, '00 1050 4524', 'TORNILLO CORTICAL NO BLOQUEADO 4.5MM ROSCA COMPLETA 24MM', '123', 'UNIDAD', 10, 30, 1, 1, 'ACTIVO', 0, '15/06/2016', 0, ''),
(928, 1, 1030570356, 1, 3, '00 1050 4526', 'TORNILLO CORTICAL NO BLOQUEADO 4.5MM ROSCA COMPLETA 26MM', '123', 'UNIDAD', 10, 30, 1, 1, 'ACTIVO', 0, '15/06/2016', 0, ''),
(929, 1, 1030570356, 1, 3, '00 1050 4528', 'TORNILLO CORTICAL NO BLOQUEADO 4.5MM ROSCA COMPLETA 28MM', '123', 'UNIDAD', 10, 30, 1, 1, 'ACTIVO', 0, '15/06/2016', 0, ''),
(930, 1, 1030570356, 1, 3, '00 1050 4530', 'TORNILLO CORTICAL NO BLOQUEADO 4.5MM ROSCA COMPLETA 30MM', '123', 'UNIDAD', 10, 30, 1, 1, 'ACTIVO', 0, '15/06/2016', 0, ''),
(931, 1, 1030570356, 1, 3, '00 1050 4532', 'TORNILLO CORTICAL NO BLOQUEADO 4.5MM ROSCA COMPLETA 32MM', '123', 'UNIDAD', 10, 30, 1, 1, 'ACTIVO', 0, '15/06/2016', 0, ''),
(932, 1, 1030570356, 1, 3, '00 1050 4534', 'TORNILLO CORTICAL NO BLOQUEADO 4.5MM ROSCA COMPLETA 34MM', '123', 'UNIDAD', 10, 30, 1, 1, 'ACTIVO', 0, '15/06/2016', 0, ''),
(933, 1, 1030570356, 1, 3, '00 1050 4536', 'TORNILLO CORTICAL NO BLOQUEADO 4.5MM ROSCA COMPLETA 36MM', '123', 'UNIDAD', 10, 30, 1, 1, 'ACTIVO', 0, '15/06/2016', 0, ''),
(934, 1, 1030570356, 1, 3, '00 1050 4538', 'TORNILLO CORTICAL NO BLOQUEADO 4.5MM ROSCA COMPLETA 38MM', '123', 'UNIDAD', 10, 30, 1, 1, 'ACTIVO', 0, '15/06/2016', 0, ''),
(935, 1, 1030570356, 1, 3, '00 1050 4540', 'TORNILLO CORTICAL NO BLOQUEADO 4.5MM ROSCA COMPLETA 40MM', '123', 'UNIDAD', 10, 30, 1, 1, 'ACTIVO', 0, '15/06/2016', 0, ''),
(936, 1, 1030570356, 1, 3, '00 1050 4542', 'TORNILLO CORTICAL NO BLOQUEADO 4.5MM ROSCA COMPLETA 42MM', '123', 'UNIDAD', 10, 30, 1, 1, 'ACTIVO', 0, '15/06/2016', 0, ''),
(937, 1, 1030570356, 1, 3, '00 1050 4544', 'TORNILLO CORTICAL NO BLOQUEADO 4.5MM ROSCA COMPLETA 44MM', '123', 'UNIDAD', 10, 30, 1, 1, 'ACTIVO', 0, '15/06/2016', 0, ''),
(938, 1, 1030570356, 1, 3, '00 1050 4546', 'TORNILLO CORTICAL NO BLOQUEADO 4.5MM ROSCA COMPLETA 46MM', '123', 'UNIDAD', 10, 30, 1, 1, 'ACTIVO', 0, '15/06/2016', 0, ''),
(939, 1, 1030570356, 1, 3, '00 1050 4548', 'TORNILLO CORTICAL NO BLOQUEADO 4.5MM ROSCA COMPLETA 48MM', '123', 'UNIDAD', 10, 30, 1, 1, 'ACTIVO', 0, '15/06/2016', 0, ''),
(940, 1, 1030570356, 1, 3, '00 1050 4550', 'TORNILLO CORTICAL NO BLOQUEADO 4.5MM ROSCA COMPLETA 50MM', '123', 'UNIDAD', 10, 30, 1, 1, 'ACTIVO', 0, '15/06/2016', 0, ''),
(941, 1, 1030570356, 1, 3, '00 1050 4552', 'TORNILLO CORTICAL NO BLOQUEADO 4.5MM ROSCA COMPLETA 52MM', '123', 'UNIDAD', 10, 30, 1, 1, 'ACTIVO', 0, '15/06/2016', 0, ''),
(942, 1, 1030570356, 1, 3, '00 1050 4554', 'TORNILLO CORTICAL NO BLOQUEADO 4.5MM ROSCA COMPLETA 54MM', '123', 'UNIDAD', 10, 30, 1, 1, 'ACTIVO', 0, '15/06/2016', 0, ''),
(943, 1, 1030570356, 1, 3, '00 1050 4556', 'TORNILLO CORTICAL NO BLOQUEADO 4.5MM ROSCA COMPLETA 56MM', '123', 'UNIDAD', 10, 30, 1, 1, 'ACTIVO', 0, '15/06/2016', 0, ''),
(944, 1, 1030570356, 1, 3, '00 1050 4558', 'TORNILLO CORTICAL NO BLOQUEADO 4.5MM ROSCA COMPLETA 58MM', '123', 'UNIDAD', 10, 30, 1, 1, 'ACTIVO', 0, '15/06/2016', 0, ''),
(945, 1, 1030570356, 1, 3, '00 1050 4560', 'TORNILLO CORTICAL NO BLOQUEADO 4.5MM ROSCA COMPLETA 60MM', '123', 'UNIDAD', 10, 30, 1, 1, 'ACTIVO', 0, '15/06/2016', 0, ''),
(946, 1, 1030570356, 1, 3, '00 1050 4565', 'TORNILLO CORTICAL NO BLOQUEADO 4.5MM ROSCA COMPLETA 65MM', '123', 'UNIDAD', 10, 30, 1, 1, 'ACTIVO', 0, '15/06/2016', 0, ''),
(947, 1, 1030570356, 1, 3, '00 1050 4570', 'TORNILLO CORTICAL NO BLOQUEADO 4.5MM ROSCA COMPLETA 70MM', '123', 'UNIDAD', 10, 30, 1, 1, 'ACTIVO', 0, '15/06/2016', 0, ''),
(948, 1, 1030570356, 1, 3, '00 1050 4575', 'TORNILLO CORTICAL NO BLOQUEADO 4.5MM ROSCA COMPLETA 75MM', '123', 'UNIDAD', 10, 30, 1, 1, 'ACTIVO', 0, '15/06/2016', 0, ''),
(949, 1, 1030570356, 1, 3, '00 1050 4580', 'TORNILLO CORTICAL NO BLOQUEADO 4.5MM ROSCA COMPLETA 80MM', '123', 'UNIDAD', 10, 30, 1, 1, 'ACTIVO', 0, '15/06/2016', 0, ''),
(950, 1, 1030570356, 1, 3, '00 1050 4585', 'TORNILLO CORTICAL NO BLOQUEADO 4.5MM ROSCA COMPLETA 85MM', '123', 'UNIDAD', 10, 30, 1, 1, 'ACTIVO', 0, '15/06/2016', 0, ''),
(951, 1, 1030570356, 1, 3, '00 1050 4590', 'TORNILLO CORTICAL NO BLOQUEADO 4.5MM ROSCA COMPLETA 90MM', '123', 'UNIDAD', 10, 30, 1, 1, 'ACTIVO', 0, '15/06/2016', 0, ''),
(952, 1, 1030570356, 1, 6, '01 1050 0035', 'MANGO INSERTOR DE GU?A', '123', 'UNIDAD', 10, 30, 1, 1, 'ACTIVO', 0, '15/06/2016', 0, ''),
(953, 1, 1030570356, 1, 6, '01 1050 0028', 'GU?A DISTAL DE ORIENTACI?N IZQUIERDA 4.5', '123', 'UNIDAD', 10, 30, 1, 1, 'ACTIVO', 0, '15/06/2016', 0, ''),
(954, 1, 1030570356, 1, 6, '01 1050 0128', '?GU?A DISTAL DE ORIENTACI?N DERECHA 4.5', '123', 'UNIDAD', 10, 30, 1, 1, 'ACTIVO', 0, '15/06/2016', 0, ''),
(955, 1, 1030570356, 1, 6, '01 1050 0042', 'GU?A CERROJO 4.5? ', '123', 'UNIDAD', 10, 30, 1, 1, 'ACTIVO', 0, '15/06/2016', 0, ''),
(956, 1, 1030570356, 1, 6, '01 1050 0030', 'GU?A DE BROCA 3.5 MM ROSCADA', '123', 'UNIDAD', 10, 30, 1, 1, 'ACTIVO', 0, '15/06/2016', 0, ''),
(957, 1, 1030570356, 1, 6, '01 1050 0008', 'TARRAJA 4.5 ', '123', 'UNIDAD', 10, 30, 1, 1, 'ACTIVO', 0, '15/06/2016', 0, ''),
(958, 1, 1030570356, 1, 6, '01 1050 0003', 'BROCA 3.5 ', '123', 'UNIDAD', 10, 30, 1, 1, 'ACTIVO', 0, '15/06/2016', 0, ''),
(959, 1, 1030570356, 1, 6, '01 1050 0033', 'BROCA CALIBRADA 3.5 ', '123', 'UNIDAD', 10, 30, 1, 1, 'ACTIVO', 0, '15/06/2016', 0, ''),
(960, 1, 1030570356, 1, 6, '01 1050 0038', 'ATORNILLADOR HEXAGONAL 3.5 CON VAINA DE SUJECI?N', '123', 'UNIDAD', 10, 30, 1, 1, 'ACTIVO', 0, '15/06/2016', 0, ''),
(961, 1, 1030570356, 1, 6, '03 1050 0043', 'REDUCTOR PROVISIONAL TORNILLO ', '123', 'UNIDAD', 10, 30, 1, 1, 'ACTIVO', 0, '15/06/2016', 0, ''),
(962, 1, 1030570356, 1, 6, '03 1050 0143', 'REDUCTOR PROVISIONAL DE TENSI?N', '123', 'UNIDAD', 10, 30, 1, 1, 'ACTIVO', 0, '15/06/2016', 0, ''),
(963, 1, 1030570356, 1, 6, '01 1050 4001', 'CONTENEDOR SISTEMA 4.5MM ', '123', 'UNIDAD', 10, 30, 1, 1, 'ACTIVO', 0, '15/06/2016', 0, ''),
(964, 1, 1030570356, 1, 6, '01 1050 4002', 'BANDEJA DE IMPLANTES 4.5MM ', '123', 'UNIDAD', 10, 30, 1, 1, 'ACTIVO', 0, '15/06/2016', 0, ''),
(965, 1, 1030570356, 1, 6, '01 1050 4003', 'BANDEJA DE INSTRUMENTOS 4.5MM ', '123', 'UNIDAD', 10, 30, 1, 1, 'ACTIVO', 0, '15/06/2016', 0, ''),
(966, 1, 1030570356, 1, 6, '01 1050 4004', 'TAPA CONTENEDOR SISTEMA 4.5', '123', 'UNIDAD', 10, 30, 1, 1, 'ACTIVO', 0, '15/06/2016', 0, ''),
(967, 1, 1030570356, 1, 6, '01 1050 4005', 'CAJA DE TORNILLOS 4.5MM ', '123', 'UNIDAD', 10, 30, 1, 1, 'ACTIVO', 0, '15/06/2016', 0, ''),
(968, 1, 1030570356, 1, 2, '00  1050  2104', 'PLACA TUBULAR 1/3  BLOQUEADA 3.5 X 4 ORIFICIOS ', '123', 'UNIDAD', 10, 30, 1, 1, 'ACTIVO', 0, '15/06/2016', 0, ''),
(969, 1, 1030570356, 1, 2, '00  1050  2105', 'PLACA TUBULAR 1/3  BLOQUEADA 3.5 X 5 ORIFICIOS ', '123', 'UNIDAD', 10, 30, 1, 1, 'ACTIVO', 0, '15/06/2016', 0, ''),
(970, 1, 1030570356, 1, 2, '00  1050  2106', 'PLACA TUBULAR 1/3  BLOQUEADA 3.5 X  6 ORIFICIOS ', '123', 'UNIDAD', 10, 30, 1, 1, 'ACTIVO', 0, '15/06/2016', 0, ''),
(971, 1, 1030570356, 1, 2, '00  1050  2107', 'PLACA TUBULAR 1/3  BLOQUEADA 3.5 X 7 ORIFICIOS ', '123', 'UNIDAD', 10, 30, 1, 1, 'ACTIVO', 0, '15/06/2016', 0, ''),
(972, 1, 1030570356, 1, 2, '00  1050  2108', 'PLACA TUBULAR 1/3  BLOQUEADA 3.5 X  8 ORIFICIOS ', '123', 'UNIDAD', 10, 30, 1, 1, 'ACTIVO', 0, '15/06/2016', 0, ''),
(973, 1, 1030570356, 1, 2, '00  1050  2110', 'PLACA TUBULAR 1/3  BLOQUEADA 3.5 X 10 ORIFICIOS ', '123', 'UNIDAD', 10, 30, 1, 1, 'ACTIVO', 0, '15/06/2016', 0, ''),
(974, 1, 1030570356, 1, 2, '00  1050  3404', 'PLACA TUBULAR 1/3 NO BLOQUEADA 3.5 X 4 ORIFICIOS ', '123', 'UNIDAD', 10, 30, 1, 1, 'ACTIVO', 0, '15/06/2016', 0, ''),
(975, 1, 1030570356, 1, 2, '00  1050  3405', 'PLACA TUBULAR 1/3 NO BLOQUEADA 3.5 X 5 ORIFICIOS ', '123', 'UNIDAD', 10, 30, 1, 1, 'ACTIVO', 0, '15/06/2016', 0, ''),
(976, 1, 1030570356, 1, 2, '00  1050  3406', 'PLACA TUBULAR 1/3 NO BLOQUEADA 3.5 X 6 ORIFICIOS ', '123', 'UNIDAD', 10, 30, 1, 1, 'ACTIVO', 0, '15/06/2016', 0, ''),
(977, 1, 1030570356, 1, 2, '00  1050  3407', 'PLACA TUBULAR 1/3 NO BLOQUEADA 3.5 X 7 ORIFICIOS ', '123', 'UNIDAD', 10, 30, 1, 1, 'ACTIVO', 0, '15/06/2016', 0, ''),
(978, 1, 1030570356, 1, 2, '00  1050  3408', 'PLACA TUBULAR 1/3 NO BLOQUEADA 3.5 X 8 ORIFICIOS ', '123', 'UNIDAD', 10, 30, 1, 1, 'ACTIVO', 0, '15/06/2016', 0, ''),
(979, 1, 1030570356, 1, 2, '00  1050  3410', 'PLACA TUBULAR 1/3 NO BLOQUEADA 3.5 X 10 ORIFICIOS ', '123', 'UNIDAD', 10, 30, 1, 1, 'ACTIVO', 0, '15/06/2016', 0, ''),
(980, 1, 1030570356, 1, 2, '00  1050  2204', 'PLACA BLOQUEADA DE COMPRESION 3.5 X 4 ORIFICIOS ', '123', 'UNIDAD', 10, 30, 1, 1, 'ACTIVO', 0, '15/06/2016', 0, ''),
(981, 1, 1030570356, 1, 2, '00  1050  2206', 'PLACA BLOQUEADA DE COMPRESION 3.5 X 6 ORIFICIOS ', '123', 'UNIDAD', 10, 30, 1, 1, 'ACTIVO', 0, '15/06/2016', 0, ''),
(982, 1, 1030570356, 1, 2, '00  1050  2208', 'PLACA BLOQUEADA DE COMPRESION 3.5 X 8 ORIFICIOS ', '123', 'UNIDAD', 10, 30, 1, 1, 'ACTIVO', 0, '15/06/2016', 0, ''),
(983, 1, 1030570356, 1, 2, '00  1050  2210', 'PLACA BLOQUEADA DE COMPRESION 3.5 X 10 ORIFICIOS ', '123', 'UNIDAD', 10, 30, 1, 1, 'ACTIVO', 0, '15/06/2016', 0, ''),
(984, 1, 1030570356, 1, 3, '00  1050  3510', 'TORNILLO CORTICAL 3.5MM NO BLOQUEADO ROSCA COMPLETA X 10MM', '123', 'UNIDAD', 10, 30, 1, 1, 'ACTIVO', 0, '15/06/2016', 0, ''),
(985, 1, 1030570356, 1, 3, '00  1050  3512', 'TORNILLO CORTICAL 3.5MM NO BLOQUEADO ROSCA COMPLETA X 12MM', '123', 'UNIDAD', 10, 30, 1, 1, 'ACTIVO', 0, '15/06/2016', 0, ''),
(986, 1, 1030570356, 1, 3, '00  1050  3514', 'TORNILLO CORTICAL 3.5MM NO BLOQUEADO ROSCA COMPLETA X 14MM', '123', 'UNIDAD', 10, 30, 1, 1, 'ACTIVO', 0, '15/06/2016', 0, ''),
(987, 1, 1030570356, 1, 3, '00  1050  3516', 'TORNILLO CORTICAL 3.5MM NO BLOQUEADO ROSCA COMPLETA X 16MM', '123', 'UNIDAD', 10, 30, 1, 1, 'ACTIVO', 0, '15/06/2016', 0, ''),
(988, 1, 1030570356, 1, 3, '00  1050  3518', 'TORNILLO CORTICAL 3.5MM NO BLOQUEADO ROSCA COMPLETA X 18MM', '123', 'UNIDAD', 10, 30, 1, 1, 'ACTIVO', 0, '15/06/2016', 0, ''),
(989, 1, 1030570356, 1, 3, '00  1050  3520', 'TORNILLO CORTICAL 3.5MM NO BLOQUEADO ROSCA COMPLETA X 20MM', '123', 'UNIDAD', 10, 30, 1, 1, 'ACTIVO', 0, '15/06/2016', 0, ''),
(990, 1, 1030570356, 1, 3, '00  1050  3522', 'TORNILLO CORTICAL 3.5MM NO BLOQUEADO ROSCA COMPLETA X 22MM', '123', 'UNIDAD', 10, 30, 1, 1, 'ACTIVO', 0, '15/06/2016', 0, ''),
(991, 1, 1030570356, 1, 3, '00  1050  3524', 'TORNILLO CORTICAL 3.5MM NO BLOQUEADO ROSCA COMPLETA X 24MM', '123', 'UNIDAD', 10, 30, 1, 1, 'ACTIVO', 0, '15/06/2016', 0, ''),
(992, 1, 1030570356, 1, 3, '00  1050  3526', 'TORNILLO CORTICAL 3.5MM NO BLOQUEADO ROSCA COMPLETA X 26MM', '123', 'UNIDAD', 10, 30, 1, 1, 'ACTIVO', 0, '15/06/2016', 0, ''),
(993, 1, 1030570356, 1, 3, '00  1050  3528', 'TORNILLO CORTICAL 3.5MM NO BLOQUEADO ROSCA COMPLETA X 28MM', '123', 'UNIDAD', 10, 30, 1, 1, 'ACTIVO', 0, '15/06/2016', 0, ''),
(994, 1, 1030570356, 1, 3, '00  1050  3530', 'TORNILLO CORTICAL 3.5MM NO BLOQUEADO ROSCA COMPLETA X 30MM', '123', 'UNIDAD', 10, 30, 1, 1, 'ACTIVO', 0, '15/06/2016', 0, ''),
(995, 1, 1030570356, 1, 3, '00  1050  3532', 'TORNILLO CORTICAL 3.5MM NO BLOQUEADO ROSCA COMPLETA X 32MM', '123', 'UNIDAD', 10, 30, 1, 1, 'ACTIVO', 0, '15/06/2016', 0, ''),
(996, 1, 1030570356, 1, 3, '00  1050  3534', 'TORNILLO CORTICAL 3.5MM NO BLOQUEADO ROSCA COMPLETA X 34MM', '123', 'UNIDAD', 10, 30, 1, 1, 'ACTIVO', 0, '15/06/2016', 0, ''),
(997, 1, 1030570356, 1, 3, '00  1050  3536', 'TORNILLO CORTICAL 3.5MM NO BLOQUEADO ROSCA COMPLETA X 36MM', '123', 'UNIDAD', 10, 30, 1, 1, 'ACTIVO', 0, '15/06/2016', 0, ''),
(998, 1, 1030570356, 1, 3, '00  1050  3538', 'TORNILLO CORTICAL 3.5MM NO BLOQUEADO ROSCA COMPLETA X 38MM', '123', 'UNIDAD', 10, 30, 1, 1, 'ACTIVO', 0, '15/06/2016', 0, ''),
(999, 1, 1030570356, 1, 3, '00  1050  3540', 'TORNILLO CORTICAL 3.5MM NO BLOQUEADO ROSCA COMPLETA X 40MM', '123', 'UNIDAD', 10, 30, 1, 1, 'ACTIVO', 0, '15/06/2016', 0, ''),
(1000, 1, 1030570356, 1, 3, '00  1050  3542', 'TORNILLO CORTICAL 3.5MM NO BLOQUEADO ROSCA COMPLETA X 42MM', '123', 'UNIDAD', 10, 30, 1, 1, 'ACTIVO', 0, '15/06/2016', 0, ''),
(1001, 1, 1030570356, 1, 3, '00  1050  3544', 'TORNILLO CORTICAL 3.5MM NO BLOQUEADO ROSCA COMPLETA X 44MM', '123', 'UNIDAD', 10, 30, 1, 1, 'ACTIVO', 0, '15/06/2016', 0, ''),
(1002, 1, 1030570356, 1, 3, '00  1050  3546', 'TORNILLO CORTICAL 3.5MM NO BLOQUEADO ROSCA COMPLETA X 46MM', '123', 'UNIDAD', 10, 30, 1, 1, 'ACTIVO', 0, '15/06/2016', 0, ''),
(1003, 1, 1030570356, 1, 3, '00  1050  3548', 'TORNILLO CORTICAL 3.5MM NO BLOQUEADO ROSCA COMPLETA X 48MM', '123', 'UNIDAD', 10, 30, 1, 1, 'ACTIVO', 0, '15/06/2016', 0, ''),
(1004, 1, 1030570356, 1, 3, '00  1050  3550', 'TORNILLO CORTICAL 3.5MM NO BLOQUEADO ROSCA COMPLETA X 50MM', '123', 'UNIDAD', 10, 30, 1, 1, 'ACTIVO', 0, '15/06/2016', 0, ''),
(1005, 1, 1030570356, 1, 3, '00  1050  3552', 'TORNILLO CORTICAL 3.5MM NO BLOQUEADO ROSCA COMPLETA X 52MM', '123', 'UNIDAD', 10, 30, 1, 1, 'ACTIVO', 0, '15/06/2016', 0, ''),
(1006, 1, 1030570356, 1, 3, '00  1050  3554', 'TORNILLO CORTICAL 3.5MM NO BLOQUEADO ROSCA COMPLETA X 54MM', '123', 'UNIDAD', 10, 30, 1, 1, 'ACTIVO', 0, '15/06/2016', 0, ''),
(1007, 1, 1030570356, 1, 3, '00  1050  3556', 'TORNILLO CORTICAL 3.5MM NO BLOQUEADO ROSCA COMPLETA X 56MM', '123', 'UNIDAD', 10, 30, 1, 1, 'ACTIVO', 0, '15/06/2016', 0, ''),
(1008, 1, 1030570356, 1, 3, '00  1050  3558', 'TORNILLO CORTICAL 3.5MM NO BLOQUEADO ROSCA COMPLETA X 58MM', '123', 'UNIDAD', 10, 30, 1, 1, 'ACTIVO', 0, '15/06/2016', 0, ''),
(1009, 1, 1030570356, 1, 3, '00  1050  3560', 'TORNILLO CORTICAL 3.5MM NO BLOQUEADO ROSCA COMPLETA X 60MM', '123', 'UNIDAD', 10, 30, 1, 1, 'ACTIVO', 0, '15/06/2016', 0, ''),
(1010, 1, 1030570356, 1, 3, '00  1050  3565', 'TORNILLO CORTICAL 3.5MM NO BLOQUEADO ROSCA COMPLETA X 65MM', '123', 'UNIDAD', 10, 30, 1, 1, 'ACTIVO', 0, '15/06/2016', 0, ''),
(1011, 1, 1030570356, 1, 3, '00  1050  3570', 'TORNILLO CORTICAL 3.5MM NO BLOQUEADO ROSCA COMPLETA X 70MM', '123', 'UNIDAD', 10, 30, 1, 1, 'ACTIVO', 0, '15/06/2016', 0, ''),
(1012, 1, 1030570356, 1, 3, '00  1050  3610', 'TORNILLO CORTICAL 3.5MM BLOQUEADO ROSCA COMPLETA X 10MM', '123', 'UNIDAD', 10, 30, 1, 1, 'ACTIVO', 0, '15/06/2016', 0, ''),
(1013, 1, 1030570356, 1, 3, '00  1050  3612', 'TORNILLO CORTICAL 3.5MM BLOQUEADO ROSCA COMPLETA X 12MM', '123', 'UNIDAD', 10, 30, 1, 1, 'ACTIVO', 0, '15/06/2016', 0, ''),
(1014, 1, 1030570356, 1, 3, '00  1050  3614', 'TORNILLO CORTICAL 3.5MM BLOQUEADO ROSCA COMPLETA X 14MM', '123', 'UNIDAD', 10, 30, 1, 1, 'ACTIVO', 0, '15/06/2016', 0, ''),
(1015, 1, 1030570356, 1, 3, '00  1050  3616', 'TORNILLO CORTICAL 3.5MM BLOQUEADO ROSCA COMPLETA X 16MM', '123', 'UNIDAD', 10, 30, 1, 1, 'ACTIVO', 0, '15/06/2016', 0, ''),
(1016, 1, 1030570356, 1, 3, '00  1050  3618', 'TORNILLO CORTICAL 3.5MM BLOQUEADO ROSCA COMPLETA X 18MM', '123', 'UNIDAD', 10, 30, 1, 1, 'ACTIVO', 0, '15/06/2016', 0, ''),
(1017, 1, 1030570356, 1, 3, '00  1050  3620', 'TORNILLO CORTICAL 3.5MM BLOQUEADO ROSCA COMPLETA X 20MM', '123', 'UNIDAD', 10, 30, 1, 1, 'ACTIVO', 0, '15/06/2016', 0, ''),
(1018, 1, 1030570356, 1, 3, '00  1050  3622', 'TORNILLO CORTICAL 3.5MM BLOQUEADO ROSCA COMPLETA X 22MM', '123', 'UNIDAD', 10, 30, 1, 1, 'ACTIVO', 0, '15/06/2016', 0, ''),
(1019, 1, 1030570356, 1, 3, '00  1050  3624', 'TORNILLO CORTICAL 3.5MM BLOQUEADO ROSCA COMPLETA X 24MM', '123', 'UNIDAD', 10, 30, 1, 1, 'ACTIVO', 0, '15/06/2016', 0, ''),
(1020, 1, 1030570356, 1, 3, '00  1050  3626', 'TORNILLO CORTICAL 3.5MM BLOQUEADO ROSCA COMPLETA X 26MM', '123', 'UNIDAD', 10, 30, 1, 1, 'ACTIVO', 0, '15/06/2016', 0, ''),
(1021, 1, 1030570356, 1, 3, '00  1050  3628', 'TORNILLO CORTICAL 3.5MM BLOQUEADO ROSCA COMPLETA X 28MM', '123', 'UNIDAD', 10, 30, 1, 1, 'ACTIVO', 0, '15/06/2016', 0, ''),
(1022, 1, 1030570356, 1, 3, '00  1050  3630', 'TORNILLO CORTICAL 3.5MM BLOQUEADO ROSCA COMPLETA X 30MM', '123', 'UNIDAD', 10, 30, 1, 1, 'ACTIVO', 0, '15/06/2016', 0, ''),
(1023, 1, 1030570356, 1, 3, '00  1050  3632', 'TORNILLO CORTICAL 3.5MM BLOQUEADO ROSCA COMPLETA X 32MM', '123', 'UNIDAD', 10, 30, 1, 1, 'ACTIVO', 0, '15/06/2016', 0, ''),
(1024, 1, 1030570356, 1, 3, '00  1050  3634', 'TORNILLO CORTICAL 3.5MM BLOQUEADO ROSCA COMPLETA X 34MM', '123', 'UNIDAD', 10, 30, 1, 1, 'ACTIVO', 0, '15/06/2016', 0, ''),
(1025, 1, 1030570356, 1, 3, '00  1050  3636', 'TORNILLO CORTICAL 3.5MM BLOQUEADO ROSCA COMPLETA X 36MM', '123', 'UNIDAD', 10, 30, 1, 1, 'ACTIVO', 0, '15/06/2016', 0, ''),
(1026, 1, 1030570356, 1, 3, '00  1050  3638', 'TORNILLO CORTICAL 3.5MM BLOQUEADO ROSCA COMPLETA X 38MM', '123', 'UNIDAD', 10, 30, 1, 1, 'ACTIVO', 0, '15/06/2016', 0, ''),
(1027, 1, 1030570356, 1, 3, '00  1050  3640', 'TORNILLO CORTICAL 3.5MM BLOQUEADO ROSCA COMPLETA X 40MM', '123', 'UNIDAD', 10, 30, 1, 1, 'ACTIVO', 0, '15/06/2016', 0, ''),
(1028, 1, 1030570356, 1, 3, '00  1050  3642', 'TORNILLO CORTICAL 3.5MM BLOQUEADO ROSCA COMPLETA X 42MM', '123', 'UNIDAD', 10, 30, 1, 1, 'ACTIVO', 0, '15/06/2016', 0, ''),
(1029, 1, 1030570356, 1, 3, '00  1050  3644', 'TORNILLO CORTICAL 3.5MM BLOQUEADO ROSCA COMPLETA X 44MM', '123', 'UNIDAD', 10, 30, 1, 1, 'ACTIVO', 0, '15/06/2016', 0, ''),
(1030, 1, 1030570356, 1, 3, '00  1050  3646', 'TORNILLO CORTICAL 3.5MM BLOQUEADO ROSCA COMPLETA X 46MM', '123', 'UNIDAD', 10, 30, 1, 1, 'ACTIVO', 0, '15/06/2016', 0, ''),
(1031, 1, 1030570356, 1, 3, '00  1050  3648', 'TORNILLO CORTICAL 3.5MM BLOQUEADO ROSCA COMPLETA X 48MM', '123', 'UNIDAD', 10, 30, 1, 1, 'ACTIVO', 0, '15/06/2016', 0, ''),
(1032, 1, 1030570356, 1, 3, '00  1050  3650', 'TORNILLO CORTICAL 3.5MM BLOQUEADO ROSCA COMPLETA X 50MM', '123', 'UNIDAD', 10, 30, 1, 1, 'ACTIVO', 0, '15/06/2016', 0, ''),
(1033, 1, 1030570356, 1, 3, '00  1050  3652', 'TORNILLO CORTICAL 3.5MM BLOQUEADO ROSCA COMPLETA X 52MM', '123', 'UNIDAD', 10, 30, 1, 1, 'ACTIVO', 0, '15/06/2016', 0, ''),
(1034, 1, 1030570356, 1, 3, '00  1050  3654', 'TORNILLO CORTICAL 3.5MM BLOQUEADO ROSCA COMPLETA X 54MM', '123', 'UNIDAD', 10, 30, 1, 1, 'ACTIVO', 0, '15/06/2016', 0, ''),
(1035, 1, 1030570356, 1, 3, '00  1050  3656', 'TORNILLO CORTICAL 3.5MM BLOQUEADO ROSCA COMPLETA X 56MM', '123', 'UNIDAD', 10, 30, 1, 1, 'ACTIVO', 0, '15/06/2016', 0, ''),
(1036, 1, 1030570356, 1, 3, '00  1050  3658', 'TORNILLO CORTICAL 3.5MM BLOQUEADO ROSCA COMPLETA X 58MM', '123', 'UNIDAD', 10, 30, 1, 1, 'ACTIVO', 0, '15/06/2016', 0, ''),
(1037, 1, 1030570356, 1, 3, '00  1050  3660', 'TORNILLO CORTICAL 3.5MM BLOQUEADO ROSCA COMPLETA X 60MM', '123', 'UNIDAD', 10, 30, 1, 1, 'ACTIVO', 0, '15/06/2016', 0, ''),
(1038, 1, 1030570356, 1, 3, '00  1050  3665', 'TORNILLO CORTICAL 3.5MM BLOQUEADO ROSCA COMPLETA X 65MM', '123', 'UNIDAD', 10, 30, 1, 1, 'ACTIVO', 0, '15/06/2016', 0, ''),
(1039, 1, 1030570356, 1, 3, '00  1050  3670', 'TORNILLO CORTICAL 3.5MM BLOQUEADO ROSCA COMPLETA X 70MM', '123', 'UNIDAD', 10, 30, 1, 1, 'ACTIVO', 0, '15/06/2016', 0, ''),
(1040, 1, 1030570356, 1, 3, '00  1050  4010', 'TORNILLO ESPONJOSA 4.0MM NO BLOQUEADO ROSCA COMPLETA X 10MM', '123', 'UNIDAD', 10, 30, 1, 1, 'ACTIVO', 0, '15/06/2016', 0, ''),
(1041, 1, 1030570356, 1, 3, '00  1050  4012', 'TORNILLO ESPONJOSA 4.0MM NO BLOQUEADO ROSCA COMPLETA X 12MM', '123', 'UNIDAD', 10, 30, 1, 1, 'ACTIVO', 0, '15/06/2016', 0, ''),
(1042, 1, 1030570356, 1, 3, '00  1050  4014', 'TORNILLO ESPONJOSA 4.0MM NO BLOQUEADO ROSCA COMPLETA X 14MM', '123', 'UNIDAD', 10, 30, 1, 1, 'ACTIVO', 0, '15/06/2016', 0, ''),
(1043, 1, 1030570356, 1, 3, '00  1050  4016', 'TORNILLO ESPONJOSA 4.0MM NO BLOQUEADO ROSCA COMPLETA X 16MM', '123', 'UNIDAD', 10, 30, 1, 1, 'ACTIVO', 0, '15/06/2016', 0, ''),
(1044, 1, 1030570356, 1, 3, '00  1050  4018', 'TORNILLO ESPONJOSA 4.0MM NO BLOQUEADO ROSCA COMPLETA X 18MM', '123', 'UNIDAD', 10, 30, 1, 1, 'ACTIVO', 0, '15/06/2016', 0, ''),
(1045, 1, 1030570356, 1, 3, '00  1050  4020', 'TORNILLO ESPONJOSA 4.0MM NO BLOQUEADO ROSCA COMPLETA X 20MM', '123', 'UNIDAD', 10, 30, 1, 1, 'ACTIVO', 0, '15/06/2016', 0, ''),
(1046, 1, 1030570356, 1, 3, '00  1050  4022', 'TORNILLO ESPONJOSA 4.0MM NO BLOQUEADO ROSCA COMPLETA X 22MM', '123', 'UNIDAD', 10, 30, 1, 1, 'ACTIVO', 0, '15/06/2016', 0, ''),
(1047, 1, 1030570356, 1, 3, '00  1050  4024', 'TORNILLO ESPONJOSA 4.0MM NO BLOQUEADO ROSCA COMPLETA X 24MM', '123', 'UNIDAD', 10, 30, 1, 1, 'ACTIVO', 0, '15/06/2016', 0, ''),
(1048, 1, 1030570356, 1, 3, '00  1050  4026', 'TORNILLO ESPONJOSA 4.0MM NO BLOQUEADO ROSCA COMPLETA X 26MM', '123', 'UNIDAD', 10, 30, 1, 1, 'ACTIVO', 0, '15/06/2016', 0, ''),
(1049, 1, 1030570356, 1, 3, '00  1050  4028', 'TORNILLO ESPONJOSA 4.0MM NO BLOQUEADO ROSCA COMPLETA X 28MM', '123', 'UNIDAD', 10, 30, 1, 1, 'ACTIVO', 0, '15/06/2016', 0, ''),
(1050, 1, 1030570356, 1, 3, '00  1050  4030', 'TORNILLO ESPONJOSA 4.0MM NO BLOQUEADO ROSCA COMPLETA X 30MM', '123', 'UNIDAD', 10, 30, 1, 1, 'ACTIVO', 0, '15/06/2016', 0, ''),
(1051, 1, 1030570356, 1, 3, '00  1050  4032', 'TORNILLO ESPONJOSA 4.0MM NO BLOQUEADO ROSCA COMPLETA X 32MM', '123', 'UNIDAD', 10, 30, 1, 1, 'ACTIVO', 0, '15/06/2016', 0, ''),
(1052, 1, 1030570356, 1, 3, '00  1050  4034', 'TORNILLO ESPONJOSA 4.0MM NO BLOQUEADO ROSCA COMPLETA X 34MM', '123', 'UNIDAD', 10, 30, 1, 1, 'ACTIVO', 0, '15/06/2016', 0, ''),
(1053, 1, 1030570356, 1, 3, '00  1050  4036', 'TORNILLO ESPONJOSA 4.0MM NO BLOQUEADO ROSCA COMPLETA X 36MM', '123', 'UNIDAD', 10, 30, 1, 1, 'ACTIVO', 0, '15/06/2016', 0, ''),
(1054, 1, 1030570356, 1, 3, '00  1050  4038', 'TORNILLO ESPONJOSA 4.0MM NO BLOQUEADO ROSCA COMPLETA X 38MM', '123', 'UNIDAD', 10, 30, 1, 1, 'ACTIVO', 0, '15/06/2016', 0, ''),
(1055, 1, 1030570356, 1, 3, '00  1050  4040', 'TORNILLO ESPONJOSA 4.0MM NO BLOQUEADO ROSCA COMPLETA X 40MM', '123', 'UNIDAD', 10, 30, 1, 1, 'ACTIVO', 0, '15/06/2016', 0, ''),
(1056, 1, 1030570356, 1, 3, '00  1050  4042', 'TORNILLO ESPONJOSA 4.0MM NO BLOQUEADO ROSCA COMPLETA X 42MM', '123', 'UNIDAD', 10, 30, 1, 1, 'ACTIVO', 0, '15/06/2016', 0, ''),
(1057, 1, 1030570356, 1, 3, '00  1050  4044', 'TORNILLO ESPONJOSA 4.0MM NO BLOQUEADO ROSCA COMPLETA X 44MM', '123', 'UNIDAD', 10, 30, 1, 1, 'ACTIVO', 0, '15/06/2016', 0, ''),
(1058, 1, 1030570356, 1, 3, '00  1050  4046', 'TORNILLO ESPONJOSA 4.0MM NO BLOQUEADO ROSCA COMPLETA X 46MM', '123', 'UNIDAD', 10, 30, 1, 1, 'ACTIVO', 0, '15/06/2016', 0, ''),
(1059, 1, 1030570356, 1, 3, '00  1050  4048', 'TORNILLO ESPONJOSA 4.0MM NO BLOQUEADO ROSCA COMPLETA X 48MM', '123', 'UNIDAD', 10, 30, 1, 1, 'ACTIVO', 0, '15/06/2016', 0, ''),
(1060, 1, 1030570356, 1, 3, '00  1050  4050', 'TORNILLO ESPONJOSA 4.0MM NO BLOQUEADO ROSCA COMPLETA X 50MM', '123', 'UNIDAD', 10, 30, 1, 1, 'ACTIVO', 0, '15/06/2016', 0, ''),
(1061, 1, 1030570356, 1, 3, '00  1050  4052', 'TORNILLO ESPONJOSA 4.0MM NO BLOQUEADO ROSCA COMPLETA X 52MM', '123', 'UNIDAD', 10, 30, 1, 1, 'ACTIVO', 0, '15/06/2016', 0, ''),
(1062, 1, 1030570356, 1, 3, '00  1050  4054', 'TORNILLO ESPONJOSA 4.0MM NO BLOQUEADO ROSCA COMPLETA X 54MM', '123', 'UNIDAD', 10, 30, 1, 1, 'ACTIVO', 0, '15/06/2016', 0, ''),
(1063, 1, 1030570356, 1, 3, '00  1050  4056', 'TORNILLO ESPONJOSA 4.0MM NO BLOQUEADO ROSCA COMPLETA X 56MM', '123', 'UNIDAD', 10, 30, 1, 1, 'ACTIVO', 0, '15/06/2016', 0, ''),
(1064, 1, 1030570356, 1, 3, '00  1050  4058', 'TORNILLO ESPONJOSA 4.0MM NO BLOQUEADO ROSCA COMPLETA X 58MM', '123', 'UNIDAD', 10, 30, 1, 1, 'ACTIVO', 0, '15/06/2016', 0, ''),
(1065, 1, 1030570356, 1, 3, '00  1050  4060', 'TORNILLO ESPONJOSA 4.0MM NO BLOQUEADO ROSCA COMPLETA X 60MM', '123', 'UNIDAD', 10, 30, 1, 1, 'ACTIVO', 0, '15/06/2016', 0, ''),
(1066, 1, 1030570356, 1, 3, '00  1050  4110', 'TORNILLO ESPONJOSA 4.0MM NO BLOQUEADO ROSCA PARCIAL X 10MM', '123', 'UNIDAD', 10, 30, 1, 1, 'ACTIVO', 0, '15/06/2016', 0, ''),
(1067, 1, 1030570356, 1, 3, '00  1050  4112', 'TORNILLO ESPONJOSA 4.0MM NO BLOQUEADO ROSCA PARCIAL X 12MM', '123', 'UNIDAD', 10, 30, 1, 1, 'ACTIVO', 0, '15/06/2016', 0, ''),
(1068, 1, 1030570356, 1, 3, '00  1050  4114', 'TORNILLO ESPONJOSA 4.0MM NO BLOQUEADO ROSCA PARCIAL X 14MM', '123', 'UNIDAD', 10, 30, 1, 1, 'ACTIVO', 0, '15/06/2016', 0, ''),
(1069, 1, 1030570356, 1, 3, '00  1050  4116', 'TORNILLO ESPONJOSA 4.0MM NO BLOQUEADO ROSCA PARCIAL X 16MM', '123', 'UNIDAD', 10, 30, 1, 1, 'ACTIVO', 0, '15/06/2016', 0, ''),
(1070, 1, 1030570356, 1, 3, '00  1050  4118', 'TORNILLO ESPONJOSA 4.0MM NO BLOQUEADO ROSCA PARCIAL X 18MM', '123', 'UNIDAD', 10, 30, 1, 1, 'ACTIVO', 0, '15/06/2016', 0, ''),
(1071, 1, 1030570356, 1, 3, '00  1050  4120', 'TORNILLO ESPONJOSA 4.0MM NO BLOQUEADO ROSCA PARCIAL X 20MM', '123', 'UNIDAD', 10, 30, 1, 1, 'ACTIVO', 0, '15/06/2016', 0, ''),
(1072, 1, 1030570356, 1, 3, '00  1050  4122', 'TORNILLO ESPONJOSA 4.0MM NO BLOQUEADO ROSCA PARCIAL X 22MM', '123', 'UNIDAD', 10, 30, 1, 1, 'ACTIVO', 0, '15/06/2016', 0, ''),
(1073, 1, 1030570356, 1, 3, '00  1050  4124', 'TORNILLO ESPONJOSA 4.0MM NO BLOQUEADO ROSCA PARCIAL X 24MM', '123', 'UNIDAD', 10, 30, 1, 1, 'ACTIVO', 0, '15/06/2016', 0, ''),
(1074, 1, 1030570356, 1, 3, '00  1050  4126', 'TORNILLO ESPONJOSA 4.0MM NO BLOQUEADO ROSCA PARCIAL X 26MM', '123', 'UNIDAD', 10, 30, 1, 1, 'ACTIVO', 0, '15/06/2016', 0, ''),
(1075, 1, 1030570356, 1, 3, '00  1050  4128', 'TORNILLO ESPONJOSA 4.0MM NO BLOQUEADO ROSCA PARCIAL X 28MM', '123', 'UNIDAD', 10, 30, 1, 1, 'ACTIVO', 0, '15/06/2016', 0, ''),
(1076, 1, 1030570356, 1, 3, '00  1050  4130', 'TORNILLO ESPONJOSA 4.0MM NO BLOQUEADO ROSCA PARCIAL X 30MM', '123', 'UNIDAD', 10, 30, 1, 1, 'ACTIVO', 0, '15/06/2016', 0, ''),
(1077, 1, 1030570356, 1, 3, '00  1050  4132', 'TORNILLO ESPONJOSA 4.0MM NO BLOQUEADO ROSCA PARCIAL X 32MM', '123', 'UNIDAD', 10, 30, 1, 1, 'ACTIVO', 0, '15/06/2016', 0, ''),
(1078, 1, 1030570356, 1, 3, '00  1050  4134', 'TORNILLO ESPONJOSA 4.0MM NO BLOQUEADO ROSCA PARCIAL X 34MM', '123', 'UNIDAD', 10, 30, 1, 1, 'ACTIVO', 0, '15/06/2016', 0, ''),
(1079, 1, 1030570356, 1, 3, '00  1050  4136', 'TORNILLO ESPONJOSA 4.0MM NO BLOQUEADO ROSCA PARCIAL X 36MM', '123', 'UNIDAD', 10, 30, 1, 1, 'ACTIVO', 0, '15/06/2016', 0, ''),
(1080, 1, 1030570356, 1, 3, '00  1050  4138', 'TORNILLO ESPONJOSA 4.0MM NO BLOQUEADO ROSCA PARCIAL X 38MM', '123', 'UNIDAD', 10, 30, 1, 1, 'ACTIVO', 0, '15/06/2016', 0, ''),
(1081, 1, 1030570356, 1, 3, '00  1050  4140', 'TORNILLO ESPONJOSA 4.0MM NO BLOQUEADO ROSCA PARCIAL X 40MM', '123', 'UNIDAD', 10, 30, 1, 1, 'ACTIVO', 0, '15/06/2016', 0, ''),
(1082, 1, 1030570356, 1, 3, '00  1050  4142', 'TORNILLO ESPONJOSA 4.0MM NO BLOQUEADO ROSCA PARCIAL X 42MM', '123', 'UNIDAD', 10, 30, 1, 1, 'ACTIVO', 0, '15/06/2016', 0, ''),
(1083, 1, 1030570356, 1, 3, '00  1050  4144', 'TORNILLO ESPONJOSA 4.0MM NO BLOQUEADO ROSCA PARCIAL X 44MM', '123', 'UNIDAD', 10, 30, 1, 1, 'ACTIVO', 0, '15/06/2016', 0, ''),
(1084, 1, 1030570356, 1, 3, '00  1050  4146', 'TORNILLO ESPONJOSA 4.0MM NO BLOQUEADO ROSCA PARCIAL X 46MM', '123', 'UNIDAD', 10, 30, 1, 1, 'ACTIVO', 0, '15/06/2016', 0, ''),
(1085, 1, 1030570356, 1, 3, '00  1050  4148', 'TORNILLO ESPONJOSA 4.0MM NO BLOQUEADO ROSCA PARCIAL X 48MM', '123', 'UNIDAD', 10, 30, 1, 1, 'ACTIVO', 0, '15/06/2016', 0, ''),
(1086, 1, 1030570356, 1, 3, '00  1050  4150', 'TORNILLO ESPONJOSA 4.0MM NO BLOQUEADO ROSCA PARCIAL X 50MM', '123', 'UNIDAD', 10, 30, 1, 1, 'ACTIVO', 0, '15/06/2016', 0, ''),
(1087, 1, 1030570356, 1, 3, '00  1050  4152', 'TORNILLO ESPONJOSA 4.0MM NO BLOQUEADO ROSCA PARCIAL X 52MM', '123', 'UNIDAD', 10, 30, 1, 1, 'ACTIVO', 0, '15/06/2016', 0, ''),
(1088, 1, 1030570356, 1, 3, '00  1050  4154', 'TORNILLO ESPONJOSA 4.0MM NO BLOQUEADO ROSCA PARCIAL X 54MM', '123', 'UNIDAD', 10, 30, 1, 1, 'ACTIVO', 0, '15/06/2016', 0, ''),
(1089, 1, 1030570356, 1, 3, '00  1050  4156', 'TORNILLO ESPONJOSA 4.0MM NO BLOQUEADO ROSCA PARCIAL X 56MM', '123', 'UNIDAD', 10, 30, 1, 1, 'ACTIVO', 0, '15/06/2016', 0, '');
INSERT INTO `inventario` (`idinventario`, `idbodega`, `ncedula`, `idmarcas`, `idlineas`, `referencia`, `descripcion`, `numerolote`, `tipopresentacion`, `stockminimo`, `stockmaximo`, `precio`, `costo`, `estado`, `saldo`, `fechadevencimiento`, `iva`, `fechamodificado`) VALUES
(1090, 1, 1030570356, 1, 3, '00  1050  4158', 'TORNILLO ESPONJOSA 4.0MM NO BLOQUEADO ROSCA PARCIAL X 58MM', '123', 'UNIDAD', 10, 30, 1, 1, 'ACTIVO', 0, '15/06/2016', 0, ''),
(1091, 1, 1030570356, 1, 3, '00  1050  4160', 'TORNILLO ESPONJOSA 4.0MM NO BLOQUEADO ROSCA PARCIAL X 60MM', '123', 'UNIDAD', 10, 30, 1, 1, 'ACTIVO', 0, '15/06/2016', 0, ''),
(1092, 1, 1030570356, 1, 6, '01  1050  0016', 'PINZA DE REDUCCI?N DENTADA/ PINZA ESPA?OLA', '123', 'UNIDAD', 10, 30, 1, 1, 'ACTIVO', 0, '15/06/2016', 0, ''),
(1093, 1, 1030570356, 1, 6, '01  1050  0017', 'PINZA REDUCTORA DE PUNTAS', '123', 'UNIDAD', 10, 30, 1, 1, 'ACTIVO', 0, '15/06/2016', 0, ''),
(1094, 1, 1030570356, 1, 6, '01  1030  007', 'PINZAS DE AUTOSUJECI?N PARA TORNILLOS', '123', 'UNIDAD', 10, 30, 1, 1, 'ACTIVO', 0, '15/06/2016', 0, ''),
(1095, 1, 1030570356, 1, 6, '01  1050  0018', 'RETRACTOR MINI HOHMANN 8 MM ', '123', 'UNIDAD', 10, 30, 1, 1, 'ACTIVO', 0, '15/06/2016', 0, ''),
(1096, 1, 1030570356, 1, 6, '01  1050  0019', 'RETRACTOR HOHMANN  15 MM', '123', 'UNIDAD', 10, 30, 1, 1, 'ACTIVO', 0, '15/06/2016', 0, ''),
(1097, 1, 1030570356, 1, 6, '01  1050  0013', 'GANCHO AGUDO/ERINA', '123', 'UNIDAD', 10, 30, 1, 1, 'ACTIVO', 0, '15/06/2016', 0, ''),
(1098, 1, 1030570356, 1, 6, '01  1050  0039', 'GU?A LISA 1.60MM ', '123', 'UNIDAD', 10, 30, 1, 1, 'ACTIVO', 0, '15/06/2016', 0, ''),
(1099, 1, 1030570356, 1, 6, '01  1050  0026', 'MEDIDOR DE PROFUNDIDAD LARGO 10-100MM ', '123', 'UNIDAD', 10, 30, 1, 1, 'ACTIVO', 0, '15/06/2016', 0, ''),
(1100, 1, 1030570356, 1, 6, '01  1050  0025', 'MEDIDOR DE PROFUNDIDAD CORTO 10-50MM ', '123', 'UNIDAD', 10, 30, 1, 1, 'ACTIVO', 0, '15/06/2016', 0, ''),
(1101, 1, 1030570356, 1, 6, '01  1050  0020', 'ELEVADOR DE PERIOSTIO CURVO 6 MM ', '123', 'UNIDAD', 10, 30, 1, 1, 'ACTIVO', 0, '15/06/2016', 0, ''),
(1102, 1, 1030570356, 1, 6, '01  1050  0015', 'PINZAS DE PARA HUESO/ MINI-CLAMP VERBRUGER', '123', 'UNIDAD', 10, 30, 1, 1, 'ACTIVO', 0, '15/06/2016', 0, ''),
(1103, 1, 1030570356, 1, 6, '01  1010  001', 'MINI MANGO EN T- AO ', '123', 'UNIDAD', 10, 30, 1, 1, 'ACTIVO', 0, '15/06/2016', 0, ''),
(1104, 1, 1030570356, 1, 6, '01  1050  0009', 'GU?A DOBLE DE BROCA 2.5/3.5', '123', 'UNIDAD', 10, 30, 1, 1, 'ACTIVO', 0, '15/06/2016', 0, ''),
(1105, 1, 1030570356, 1, 6, '01  1050  0024', 'MANGO PEQUE?O AO, ANCLAJE R?PIDO', '123', 'UNIDAD', 10, 30, 1, 1, 'ACTIVO', 0, '15/06/2016', 0, ''),
(1106, 1, 1030570356, 1, 6, '01  1050  0022', 'ALICATES', '123', 'UNIDAD', 10, 30, 1, 1, 'ACTIVO', 0, '15/06/2016', 0, ''),
(1107, 1, 1030570356, 1, 6, '01  1010  013', 'GRIFA IZQUIERDA', '123', 'UNIDAD', 10, 30, 1, 1, 'ACTIVO', 0, '15/06/2016', 0, ''),
(1108, 1, 1030570356, 1, 6, '01  1010  002', 'GRIFA DERECHA', '123', 'UNIDAD', 10, 30, 1, 1, 'ACTIVO', 0, '15/06/2016', 0, ''),
(1109, 1, 1030570356, 1, 6, '01  1050  0012', 'ATORNILLADOR HEXAGONAL 3.5 MM ', '123', 'UNIDAD', 10, 30, 1, 1, 'ACTIVO', 0, '15/06/2016', 0, ''),
(1110, 1, 1030570356, 1, 6, '01  1050  0050', 'GU?A DE BROCA 2.5 LARGA', '123', 'UNIDAD', 10, 30, 1, 1, 'ACTIVO', 0, '15/06/2016', 0, ''),
(1111, 1, 1030570356, 1, 6, '01  1050  0029', 'GU?A DE BROCA 2.5 MM ROSCADA ', '123', 'UNIDAD', 10, 30, 1, 1, 'ACTIVO', 0, '15/06/2016', 0, ''),
(1112, 1, 1030570356, 1, 6, '01  1050  0005', 'AVELLANADOR MALEOLAR 3.2 ', '123', 'UNIDAD', 10, 30, 1, 1, 'ACTIVO', 0, '15/06/2016', 0, ''),
(1113, 1, 1030570356, 1, 6, '01  1050  0002', 'BROCA 2.5 ', '123', 'UNIDAD', 10, 30, 1, 1, 'ACTIVO', 0, '15/06/2016', 0, ''),
(1114, 1, 1030570356, 1, 6, '01  1050  0006', 'TARRAJA 3.5  ', '123', 'UNIDAD', 10, 30, 1, 1, 'ACTIVO', 0, '15/06/2016', 0, ''),
(1115, 1, 1030570356, 1, 6, '01  1050  0003', 'BROCA 3.5 ', '123', 'UNIDAD', 10, 30, 1, 1, 'ACTIVO', 0, '15/06/2016', 0, ''),
(1116, 1, 1030570356, 1, 6, '01  1050  0007', 'TARRAJA 4.0 ', '123', 'UNIDAD', 10, 30, 1, 1, 'ACTIVO', 0, '15/06/2016', 0, ''),
(1117, 1, 1030570356, 1, 6, '01  1050  0032', 'BROCA CALIBRADA 2.5', '123', 'UNIDAD', 10, 30, 1, 1, 'ACTIVO', 0, '15/06/2016', 0, ''),
(1118, 1, 1030570356, 1, 6, '03  1050  0043', 'REDUCTOR PROVISIONAL TORNILLO ', '123', 'UNIDAD', 10, 30, 1, 1, 'ACTIVO', 0, '15/06/2016', 0, ''),
(1119, 1, 1030570356, 1, 6, '03  1050  0143', 'REDUCTOR PROVISIONAL DE TENSI?N', '123', 'UNIDAD', 10, 30, 1, 1, 'ACTIVO', 0, '15/06/2016', 0, ''),
(1120, 1, 1030570356, 1, 6, '01  1050  0053', 'PIN DE FIJACION LARGO', '123', 'UNIDAD', 10, 30, 1, 1, 'ACTIVO', 0, '15/06/2016', 0, ''),
(1121, 1, 1030570356, 1, 6, '01  1050  0040', 'PIN DE FIJACI?N 30MM', '123', 'UNIDAD', 10, 30, 1, 1, 'ACTIVO', 0, '15/06/2016', 0, ''),
(1122, 1, 1030570356, 1, 6, '01  1050  2001', 'CONTENEDOR PEQUE?OS FRAGMENTOS', '123', 'UNIDAD', 10, 30, 1, 1, 'ACTIVO', 0, '15/06/2016', 0, ''),
(1123, 1, 1030570356, 1, 6, '01  1050  2002', 'BANDEJA DE IMPLANTES PEQUE?OS FRAGMENTOS', '123', 'UNIDAD', 10, 30, 1, 1, 'ACTIVO', 0, '15/06/2016', 0, ''),
(1124, 1, 1030570356, 1, 6, '01  1050  2003', 'CAJA DE TORNILLOS PEQUE?OS FRAGMENTOS', '123', 'UNIDAD', 10, 30, 1, 1, 'ACTIVO', 0, '15/06/2016', 0, ''),
(1125, 1, 1030570356, 1, 6, '01  1050  2004', 'TAPA CONTENEDOR PEQUE?OS FRAGMENTOS', '123', 'UNIDAD', 10, 30, 1, 1, 'ACTIVO', 0, '15/06/2016', 0, ''),
(1126, 1, 1030570356, 1, 6, '01  1050  2005', 'BANDEJA DE INSTRUMENTOS PEQUE?OS FRAGMENTOS', '123', 'UNIDAD', 10, 30, 1, 1, 'ACTIVO', 0, '15/06/2016', 0, ''),
(1127, 1, 1030570356, 1, 2, '00 1050 3006', 'PLACA PARA FEMUR CONTORNEADA BLOQUEADA 3.5MM X 6 ORIFICIOS DERECHA', '123', 'UNIDAD', 10, 30, 1, 1, 'ACTIVO', 0, '15/06/2016', 0, ''),
(1128, 1, 1030570356, 1, 2, '00 1050 3008', 'PLACA PARA FEMUR CONTORNEADA BLOQUEADA 3.5MM X 8 ORIFICIOS DERECHA', '123', 'UNIDAD', 10, 30, 1, 1, 'ACTIVO', 0, '15/06/2016', 0, ''),
(1129, 1, 1030570356, 1, 2, '00 1050 3106', 'PLACA PARA FEMUR CONTORNEADA BLOQUEADA 3.5MM X 6 ORIFICIOS IZQUIERDA', '123', 'UNIDAD', 10, 30, 1, 1, 'ACTIVO', 0, '15/06/2016', 0, ''),
(1130, 1, 1030570356, 1, 2, '00 1050 3108', 'PLACA PARA FEMUR CONTORNEADA BLOQUEADA 3.5MM X 8 ORIFICIOS IZQUIERDA', '123', 'UNIDAD', 10, 30, 1, 1, 'ACTIVO', 0, '15/06/2016', 0, ''),
(1131, 1, 1030570356, 1, 2, '00 1050 4206', 'PLACA PARA FEMUR CONTORNEADA BLOQUEADA 4.5MM X 6 ORIFICIOS DERECHA', '123', 'UNIDAD', 10, 30, 1, 1, 'ACTIVO', 0, '15/06/2016', 0, ''),
(1132, 1, 1030570356, 1, 2, '00 1050 4208', 'PLACA PARA FEMUR CONTORNEADA BLOQUEADA 4.5MM X 8 ORIFICIOS DERECHA', '123', 'UNIDAD', 10, 30, 1, 1, 'ACTIVO', 0, '15/06/2016', 0, ''),
(1133, 1, 1030570356, 1, 2, '00 1050 4210', 'PLACA PARA FEMUR CONTORNEADA BLOQUEADA 4.5MM X 10 ORIFICIOS DERECHA', '123', 'UNIDAD', 10, 30, 1, 1, 'ACTIVO', 0, '15/06/2016', 0, ''),
(1134, 1, 1030570356, 1, 2, '00 1050 4306', 'PLACA PARA FEMUR CONTORNEADA BLOQUEADA 4.5MM X 6 ORIFICIOS IZQUIERDA', '123', 'UNIDAD', 10, 30, 1, 1, 'ACTIVO', 0, '15/06/2016', 0, ''),
(1135, 1, 1030570356, 1, 2, '00 1050 4308', 'PLACA PARA FEMUR CONTORNEADA BLOQUEADA 4.5MM X 8 ORIFICIOS IZQUIERDA', '123', 'UNIDAD', 10, 30, 1, 1, 'ACTIVO', 0, '15/06/2016', 0, ''),
(1136, 1, 1030570356, 1, 2, '00 1050 4310', 'PLACA PARA FEMUR CONTORNEADA BLOQUEADA 4.5MM X 10 ORIFICIOS IZQUIERDA', '123', 'UNIDAD', 10, 30, 1, 1, 'ACTIVO', 0, '15/06/2016', 0, ''),
(1137, 1, 1030570356, 1, 6, '01 1050 0066', 'MANGO DE OSTEOTOMIA FEMORAL-DERECHO', '123', 'UNIDAD', 10, 30, 1, 1, 'ACTIVO', 0, '15/06/2016', 0, ''),
(1138, 1, 1030570356, 1, 6, '01 1050 0067', 'MANGO DE OSTEOTOM?A FEMORAL-IZQUIERDO', '123', 'UNIDAD', 10, 30, 1, 1, 'ACTIVO', 0, '15/06/2016', 0, ''),
(1139, 1, 1030570356, 1, 6, '01 1050 0062', 'PINZA DOBLADORA', '123', 'UNIDAD', 10, 30, 1, 1, 'ACTIVO', 0, '15/06/2016', 0, ''),
(1140, 1, 1030570356, 1, 6, '01 1050 6001', 'CONTENEDOR PLEO ', '123', 'UNIDAD', 10, 30, 1, 1, 'ACTIVO', 0, '15/06/2016', 0, ''),
(1141, 1, 1030570356, 1, 6, '01 1050 6002', 'BANDEJA DE IMPLANTES PLEO ', '123', 'UNIDAD', 10, 30, 1, 1, 'ACTIVO', 0, '15/06/2016', 0, ''),
(1142, 1, 1030570356, 1, 6, '01 1050 6003', 'TAPA CONTENEDOR PLEO ', '123', 'UNIDAD', 10, 30, 1, 1, 'ACTIVO', 0, '15/06/2016', 0, ''),
(1143, 1, 1030570356, 1, 2, '00 0903 2102', 'PLACA PARA TIBIA DISTAL ANTEROLATERAL BLOQUEADA 3.5 X 2 ORIFICIOS IZQUIERDA ', '123', 'UNIDAD', 10, 30, 1, 1, 'ACTIVO', 0, '15/06/2016', 0, ''),
(1144, 1, 1030570356, 1, 2, '00 0903 2103', 'PLACA PARA TIBIA DISTAL ANTEROLATERAL BLOQUEADA 3.5 X 3 ORIFICIOS IZQUIERDA ', '123', 'UNIDAD', 10, 30, 1, 1, 'ACTIVO', 0, '15/06/2016', 0, ''),
(1145, 1, 1030570356, 1, 2, '00 0903 2104', 'PLACA PARA TIBIA DISTAL ANTEROLATERAL BLOQUEADA 3.5 X 4 ORIFICIOS IZQUIERDA ', '123', 'UNIDAD', 10, 30, 1, 1, 'ACTIVO', 0, '15/06/2016', 0, ''),
(1146, 1, 1030570356, 1, 2, '00 0903 2202', 'PLACA PARA TIBIA DISTAL ANTEROLATERAL BLOQUEADA 3.5 X 2 ORIFICIOS DERECHA ', '123', 'UNIDAD', 10, 30, 1, 1, 'ACTIVO', 0, '15/06/2016', 0, ''),
(1147, 1, 1030570356, 1, 2, '00 0903 2203', 'PLACA PARA TIBIA DISTAL ANTEROLATERAL BLOQUEADA 3.5 X 3 ORIFICIOS DERECHA ', '123', 'UNIDAD', 10, 30, 1, 1, 'ACTIVO', 0, '15/06/2016', 0, ''),
(1148, 1, 1030570356, 1, 2, '00 0903 2204', 'PLACA PARA TIBIA DISTAL ANTEROLATERAL BLOQUEADA 3.5 X 4 ORIFICIOS DERECHA ', '123', 'UNIDAD', 10, 30, 1, 1, 'ACTIVO', 0, '15/06/2016', 0, ''),
(1149, 1, 1030570356, 1, 2, '00 0903 3102', 'PLACA PARA TIBIA DISTAL MEDIAL ESTRECHA BLOQUEADA 3.5 X 2 ORIFICIOS IZQUIERDA ', '123', 'UNIDAD', 10, 30, 1, 1, 'ACTIVO', 0, '15/06/2016', 0, ''),
(1150, 1, 1030570356, 1, 2, '00 0903 3103', 'PLACA PARA TIBIA DISTAL MEDIAL ESTRECHA BLOQUEADA 3.5 X 3 ORIFICIOS IZQUIERDA ', '123', 'UNIDAD', 10, 30, 1, 1, 'ACTIVO', 0, '15/06/2016', 0, ''),
(1151, 1, 1030570356, 1, 2, '00 0903 3104', 'PLACA PARA TIBIA DISTAL MEDIAL ESTRECHA BLOQUEADA 3.5 X 4 ORIFICIOS IZQUIERDA ', '123', 'UNIDAD', 10, 30, 1, 1, 'ACTIVO', 0, '15/06/2016', 0, ''),
(1152, 1, 1030570356, 1, 2, '00 0903 3105', 'PLACA PARA TIBIA DISTAL MEDIAL ESTRECHA BLOQUEADA 3.5 X 5 ORIFICIOS IZQUIERDA ', '123', 'UNIDAD', 10, 30, 1, 1, 'ACTIVO', 0, '15/06/2016', 0, ''),
(1153, 1, 1030570356, 1, 2, '00 0903 3202', 'PLACA PARA TIBIA DISTAL MEDIAL ESTRECHA BLOQUEADA 3.5 X 2 ORIFICIOS DERECHA ', '123', 'UNIDAD', 10, 30, 1, 1, 'ACTIVO', 0, '15/06/2016', 0, ''),
(1154, 1, 1030570356, 1, 2, '00 0903 3203', 'PLACA PARA TIBIA DISTAL MEDIAL ESTRECHA BLOQUEADA 3.5 X 3 ORIFICIOS DERECHA ', '123', 'UNIDAD', 10, 30, 1, 1, 'ACTIVO', 0, '15/06/2016', 0, ''),
(1155, 1, 1030570356, 1, 2, '00 0903 3204', 'PLACA PARA TIBIA DISTAL MEDIAL ESTRECHA BLOQUEADA 3.5 X 4 ORIFICIOS DERECHA ', '123', 'UNIDAD', 10, 30, 1, 1, 'ACTIVO', 0, '15/06/2016', 0, ''),
(1156, 1, 1030570356, 1, 2, '00 0903 3205', 'PLACA PARA TIBIA DISTAL MEDIAL ESTRECHA BLOQUEADA 3.5 X 5 ORIFICIOS DERECHA ', '123', 'UNIDAD', 10, 30, 1, 1, 'ACTIVO', 0, '15/06/2016', 0, ''),
(1157, 1, 1030570356, 1, 2, '00 0903 3302', 'PLACA PARA TIBIA DISTAL MEDIAL AMPLIA BLOQUEADA 3.5 X 2 ORIFICIOS IZQUIERDA ', '123', 'UNIDAD', 10, 30, 1, 1, 'ACTIVO', 0, '15/06/2016', 0, ''),
(1158, 1, 1030570356, 1, 2, '00 0903 3303', 'PLACA PARA TIBIA DISTAL MEDIAL AMPLIA BLOQUEADA 3.5 X 3 ORIFICIOS IZQUIERDA ', '123', 'UNIDAD', 10, 30, 1, 1, 'ACTIVO', 0, '15/06/2016', 0, ''),
(1159, 1, 1030570356, 1, 2, '00 0903 3304', 'PLACA PARA TIBIA DISTAL MEDIAL AMPLIA BLOQUEADA 3.5 X 4 ORIFICIOS IZQUIERDA ', '123', 'UNIDAD', 10, 30, 1, 1, 'ACTIVO', 0, '15/06/2016', 0, ''),
(1160, 1, 1030570356, 1, 2, '00 0903 3305', 'PLACA PARA TIBIA DISTAL MEDIAL AMPLIA BLOQUEADA 3.5 X 5 ORIFICIOS IZQUIERDA ', '123', 'UNIDAD', 10, 30, 1, 1, 'ACTIVO', 0, '15/06/2016', 0, ''),
(1161, 1, 1030570356, 1, 2, '00 0903 3402', 'PLACA PARA TIBIA DISTAL MEDIAL AMPLIA BLOQUEADA 3.5 X 2 ORIFICIOS DERECHA ', '123', 'UNIDAD', 10, 30, 1, 1, 'ACTIVO', 0, '15/06/2016', 0, ''),
(1162, 1, 1030570356, 1, 2, '00 0903 3403', 'PLACA PARA TIBIA DISTAL MEDIAL AMPLIA BLOQUEADA 3.5 X 3 ORIFICIOS DERECHA ', '123', 'UNIDAD', 10, 30, 1, 1, 'ACTIVO', 0, '15/06/2016', 0, ''),
(1163, 1, 1030570356, 1, 2, '00 0903 3404', 'PLACA PARA TIBIA DISTAL MEDIAL AMPLIA BLOQUEADA 3.5 X 4 ORIFICIOS DERECHA ', '123', 'UNIDAD', 10, 30, 1, 1, 'ACTIVO', 0, '15/06/2016', 0, ''),
(1164, 1, 1030570356, 1, 2, '00 0903 3405', 'PLACA PARA TIBIA DISTAL MEDIAL AMPLIA BLOQUEADA 3.5 X 5 ORIFICIOS DERECHA ', '123', 'UNIDAD', 10, 30, 1, 1, 'ACTIVO', 0, '15/06/2016', 0, ''),
(1165, 1, 1030570356, 1, 3, '00 0903 2610', 'TORNILLO CORTICAL BLOQUEADO 3.5MM T15 HEXALOBE 10MM', '123', 'UNIDAD', 10, 30, 1, 1, 'ACTIVO', 0, '15/06/2016', 0, ''),
(1166, 1, 1030570356, 1, 3, '00 0903 2612', 'TORNILLO CORTICAL BLOQUEADO 3.5MM T15 HEXALOBE 12MM', '123', 'UNIDAD', 10, 30, 1, 1, 'ACTIVO', 0, '15/06/2016', 0, ''),
(1167, 1, 1030570356, 1, 3, '00 0903 2614', 'TORNILLO CORTICAL BLOQUEADO 3.5MM T15 HEXALOBE 14MM', '123', 'UNIDAD', 10, 30, 1, 1, 'ACTIVO', 0, '15/06/2016', 0, ''),
(1168, 1, 1030570356, 1, 3, '00 0903 2616', 'TORNILLO CORTICAL BLOQUEADO 3.5MM T15 HEXALOBE 16MM', '123', 'UNIDAD', 10, 30, 1, 1, 'ACTIVO', 0, '15/06/2016', 0, ''),
(1169, 1, 1030570356, 1, 3, '00 0903 2618', 'TORNILLO CORTICAL BLOQUEADO 3.5MM T15 HEXALOBE 18MM', '123', 'UNIDAD', 10, 30, 1, 1, 'ACTIVO', 0, '15/06/2016', 0, ''),
(1170, 1, 1030570356, 1, 3, '00 0903 2620', 'TORNILLO CORTICAL BLOQUEADO 3.5MM T15 HEXALOBE 20MM', '123', 'UNIDAD', 10, 30, 1, 1, 'ACTIVO', 0, '15/06/2016', 0, ''),
(1171, 1, 1030570356, 1, 3, '00 0903 2622', 'TORNILLO CORTICAL BLOQUEADO 3.5MM T15 HEXALOBE 22MM', '123', 'UNIDAD', 10, 30, 1, 1, 'ACTIVO', 0, '15/06/2016', 0, ''),
(1172, 1, 1030570356, 1, 3, '00 0903 2624', 'TORNILLO CORTICAL BLOQUEADO 3.5MM T15 HEXALOBE 24MM', '123', 'UNIDAD', 10, 30, 1, 1, 'ACTIVO', 0, '15/06/2016', 0, ''),
(1173, 1, 1030570356, 1, 3, '00 0903 2626', 'TORNILLO CORTICAL BLOQUEADO 3.5MM T15 HEXALOBE 26MM', '123', 'UNIDAD', 10, 30, 1, 1, 'ACTIVO', 0, '15/06/2016', 0, ''),
(1174, 1, 1030570356, 1, 3, '00 0903 2628', 'TORNILLO CORTICAL BLOQUEADO 3.5MM T15 HEXALOBE 28MM', '123', 'UNIDAD', 10, 30, 1, 1, 'ACTIVO', 0, '15/06/2016', 0, ''),
(1175, 1, 1030570356, 1, 3, '00 0903 2630', 'TORNILLO CORTICAL BLOQUEADO 3.5MM T15 HEXALOBE 30MM', '123', 'UNIDAD', 10, 30, 1, 1, 'ACTIVO', 0, '15/06/2016', 0, ''),
(1176, 1, 1030570356, 1, 3, '00 0903 2632', 'TORNILLO CORTICAL BLOQUEADO 3.5MM T15 HEXALOBE 32MM', '123', 'UNIDAD', 10, 30, 1, 1, 'ACTIVO', 0, '15/06/2016', 0, ''),
(1177, 1, 1030570356, 1, 3, '00 0903 2634', 'TORNILLO CORTICAL BLOQUEADO 3.5MM T15 HEXALOBE 34MM', '123', 'UNIDAD', 10, 30, 1, 1, 'ACTIVO', 0, '15/06/2016', 0, ''),
(1178, 1, 1030570356, 1, 3, '00 0903 2636', 'TORNILLO CORTICAL BLOQUEADO 3.5MM T15 HEXALOBE 36MM', '123', 'UNIDAD', 10, 30, 1, 1, 'ACTIVO', 0, '15/06/2016', 0, ''),
(1179, 1, 1030570356, 1, 3, '00 0903 2638', 'TORNILLO CORTICAL BLOQUEADO 3.5MM T15 HEXALOBE 38MM', '123', 'UNIDAD', 10, 30, 1, 1, 'ACTIVO', 0, '15/06/2016', 0, ''),
(1180, 1, 1030570356, 1, 3, '00 0903 2640', 'TORNILLO CORTICAL BLOQUEADO 3.5MM T15 HEXALOBE 40MM', '123', 'UNIDAD', 10, 30, 1, 1, 'ACTIVO', 0, '15/06/2016', 0, ''),
(1181, 1, 1030570356, 1, 3, '00 0903 2642', 'TORNILLO CORTICAL BLOQUEADO 3.5MM T15 HEXALOBE 42MM', '123', 'UNIDAD', 10, 30, 1, 1, 'ACTIVO', 0, '15/06/2016', 0, ''),
(1182, 1, 1030570356, 1, 3, '00 0903 2644', 'TORNILLO CORTICAL BLOQUEADO 3.5MM T15 HEXALOBE 44MM', '123', 'UNIDAD', 10, 30, 1, 1, 'ACTIVO', 0, '15/06/2016', 0, ''),
(1183, 1, 1030570356, 1, 3, '00 0903 2646', 'TORNILLO CORTICAL BLOQUEADO 3.5MM T15 HEXALOBE 46MM', '123', 'UNIDAD', 10, 30, 1, 1, 'ACTIVO', 0, '15/06/2016', 0, ''),
(1184, 1, 1030570356, 1, 3, '00 0903 2648', 'TORNILLO CORTICAL BLOQUEADO 3.5MM T15 HEXALOBE 48MM', '123', 'UNIDAD', 10, 30, 1, 1, 'ACTIVO', 0, '15/06/2016', 0, ''),
(1185, 1, 1030570356, 1, 3, '00 0903 2650', 'TORNILLO CORTICAL BLOQUEADO 3.5MM T15 HEXALOBE 50MM', '123', 'UNIDAD', 10, 30, 1, 1, 'ACTIVO', 0, '15/06/2016', 0, ''),
(1186, 1, 1030570356, 1, 3, '00 0903 2652', 'TORNILLO CORTICAL BLOQUEADO 3.5MM T15 HEXALOBE 52MM', '123', 'UNIDAD', 10, 30, 1, 1, 'ACTIVO', 0, '15/06/2016', 0, ''),
(1187, 1, 1030570356, 1, 3, '00 0903 2654', 'TORNILLO CORTICAL BLOQUEADO 3.5MM T15 HEXALOBE 54MM', '123', 'UNIDAD', 10, 30, 1, 1, 'ACTIVO', 0, '15/06/2016', 0, ''),
(1188, 1, 1030570356, 1, 3, '00 0903 2656', 'TORNILLO CORTICAL BLOQUEADO 3.5MM T15 HEXALOBE 56MM', '123', 'UNIDAD', 10, 30, 1, 1, 'ACTIVO', 0, '15/06/2016', 0, ''),
(1189, 1, 1030570356, 1, 3, '00 0903 2510', 'TORNILLO CORTICAL AUTOPERFORANTE 3.5MM T15 HEXALOBE 10MM', '123', 'UNIDAD', 10, 30, 1, 1, 'ACTIVO', 0, '15/06/2016', 0, ''),
(1190, 1, 1030570356, 1, 3, '00 0903 2512', 'TORNILLO CORTICAL AUTOPERFORANTE 3.5MM T15 HEXALOBE 12MM', '123', 'UNIDAD', 10, 30, 1, 1, 'ACTIVO', 0, '15/06/2016', 0, ''),
(1191, 1, 1030570356, 1, 3, '00 0903 2514', 'TORNILLO CORTICAL AUTOPERFORANTE 3.5MM T15 HEXALOBE 14MM', '123', 'UNIDAD', 10, 30, 1, 1, 'ACTIVO', 0, '15/06/2016', 0, ''),
(1192, 1, 1030570356, 1, 3, '00 0903 2516', 'TORNILLO CORTICAL AUTOPERFORANTE 3.5MM T15 HEXALOBE 16MM', '123', 'UNIDAD', 10, 30, 1, 1, 'ACTIVO', 0, '15/06/2016', 0, ''),
(1193, 1, 1030570356, 1, 3, '00 0903 2518', 'TORNILLO CORTICAL AUTOPERFORANTE 3.5MM T15 HEXALOBE 18MM', '123', 'UNIDAD', 10, 30, 1, 1, 'ACTIVO', 0, '15/06/2016', 0, ''),
(1194, 1, 1030570356, 1, 3, '00 0903 2520', 'TORNILLO CORTICAL AUTOPERFORANTE 3.5MM T15 HEXALOBE 20MM', '123', 'UNIDAD', 10, 30, 1, 1, 'ACTIVO', 0, '15/06/2016', 0, ''),
(1195, 1, 1030570356, 1, 3, '00 0903 2522', 'TORNILLO CORTICAL AUTOPERFORANTE 3.5MM T15 HEXALOBE 22MM', '123', 'UNIDAD', 10, 30, 1, 1, 'ACTIVO', 0, '15/06/2016', 0, ''),
(1196, 1, 1030570356, 1, 3, '00 0903 2524', 'TORNILLO CORTICAL AUTOPERFORANTE 3.5MM T15 HEXALOBE 24MM', '123', 'UNIDAD', 10, 30, 1, 1, 'ACTIVO', 0, '15/06/2016', 0, ''),
(1197, 1, 1030570356, 1, 3, '00 0903 2526', 'TORNILLO CORTICAL AUTOPERFORANTE 3.5MM T15 HEXALOBE 26MM', '123', 'UNIDAD', 10, 30, 1, 1, 'ACTIVO', 0, '15/06/2016', 0, ''),
(1198, 1, 1030570356, 1, 3, '00 0903 2528', 'TORNILLO CORTICAL AUTOPERFORANTE 3.5MM T15 HEXALOBE 28MM', '123', 'UNIDAD', 10, 30, 1, 1, 'ACTIVO', 0, '15/06/2016', 0, ''),
(1199, 1, 1030570356, 1, 3, '00 0903 2530', 'TORNILLO CORTICAL AUTOPERFORANTE 3.5MM T15 HEXALOBE 30MM', '123', 'UNIDAD', 10, 30, 1, 1, 'ACTIVO', 0, '15/06/2016', 0, ''),
(1200, 1, 1030570356, 1, 3, '00 0903 2532', 'TORNILLO CORTICAL AUTOPERFORANTE 3.5MM T15 HEXALOBE 32MM', '123', 'UNIDAD', 10, 30, 1, 1, 'ACTIVO', 0, '15/06/2016', 0, ''),
(1201, 1, 1030570356, 1, 3, '00 0903 2534', 'TORNILLO CORTICAL AUTOPERFORANTE 3.5MM T15 HEXALOBE 34MM', '123', 'UNIDAD', 10, 30, 1, 1, 'ACTIVO', 0, '15/06/2016', 0, ''),
(1202, 1, 1030570356, 1, 3, '00 0903 2536', 'TORNILLO CORTICAL AUTOPERFORANTE 3.5MM T15 HEXALOBE 36MM', '123', 'UNIDAD', 10, 30, 1, 1, 'ACTIVO', 0, '15/06/2016', 0, ''),
(1203, 1, 1030570356, 1, 3, '00 0903 2538', 'TORNILLO CORTICAL AUTOPERFORANTE 3.5MM T15 HEXALOBE 38MM', '123', 'UNIDAD', 10, 30, 1, 1, 'ACTIVO', 0, '15/06/2016', 0, ''),
(1204, 1, 1030570356, 1, 3, '00 0903 2540', 'TORNILLO CORTICAL AUTOPERFORANTE 3.5MM T15 HEXALOBE 40MM', '123', 'UNIDAD', 10, 30, 1, 1, 'ACTIVO', 0, '15/06/2016', 0, ''),
(1205, 1, 1030570356, 1, 3, '00 0903 2542', 'TORNILLO CORTICAL AUTOPERFORANTE 3.5MM T15 HEXALOBE 42MM', '123', 'UNIDAD', 10, 30, 1, 1, 'ACTIVO', 0, '15/06/2016', 0, ''),
(1206, 1, 1030570356, 1, 3, '00 0903 2544', 'TORNILLO CORTICAL AUTOPERFORANTE 3.5MM T15 HEXALOBE 44MM', '123', 'UNIDAD', 10, 30, 1, 1, 'ACTIVO', 0, '15/06/2016', 0, ''),
(1207, 1, 1030570356, 1, 3, '00 0903 2546', 'TORNILLO CORTICAL AUTOPERFORANTE 3.5MM T15 HEXALOBE 46MM', '123', 'UNIDAD', 10, 30, 1, 1, 'ACTIVO', 0, '15/06/2016', 0, ''),
(1208, 1, 1030570356, 1, 3, '00 0903 2548', 'TORNILLO CORTICAL AUTOPERFORANTE 3.5MM T15 HEXALOBE 48MM', '123', 'UNIDAD', 10, 30, 1, 1, 'ACTIVO', 0, '15/06/2016', 0, ''),
(1209, 1, 1030570356, 1, 3, '00 0903 2550', 'TORNILLO CORTICAL AUTOPERFORANTE 3.5MM T15 HEXALOBE 50MM', '123', 'UNIDAD', 10, 30, 1, 1, 'ACTIVO', 0, '15/06/2016', 0, ''),
(1210, 1, 1030570356, 1, 3, '00 0903 2552', 'TORNILLO CORTICAL AUTOPERFORANTE 3.5MM T15 HEXALOBE 52MM', '123', 'UNIDAD', 10, 30, 1, 1, 'ACTIVO', 0, '15/06/2016', 0, ''),
(1211, 1, 1030570356, 1, 3, '00 0903 2554', 'TORNILLO CORTICAL AUTOPERFORANTE 3.5MM T15 HEXALOBE 54MM', '123', 'UNIDAD', 10, 30, 1, 1, 'ACTIVO', 0, '15/06/2016', 0, ''),
(1212, 1, 1030570356, 1, 3, '00 0903 2556', 'TORNILLO CORTICAL AUTOPERFORANTE 3.5MM T15 HEXALOBE 56MM', '123', 'UNIDAD', 10, 30, 1, 1, 'ACTIVO', 0, '15/06/2016', 0, ''),
(1213, 1, 1030570356, 1, 3, '00 0903 2558', 'TORNILLO CORTICAL AUTOPERFORANTE 3.5MM T15 HEXALOBE 58MM', '123', 'UNIDAD', 10, 30, 1, 1, 'ACTIVO', 0, '15/06/2016', 0, ''),
(1214, 1, 1030570356, 1, 3, '00 0903 2560', 'TORNILLO CORTICAL AUTOPERFORANTE 3.5MM T15 HEXALOBE 60MM', '123', 'UNIDAD', 10, 30, 1, 1, 'ACTIVO', 0, '15/06/2016', 0, ''),
(1215, 1, 1030570356, 1, 3, '00 0903 2565', 'TORNILLO CORTICAL AUTOPERFORANTE 3.5MM T15 HEXALOBE 65MM', '123', 'UNIDAD', 10, 30, 1, 1, 'ACTIVO', 0, '15/06/2016', 0, ''),
(1216, 1, 1030570356, 1, 3, '00 0903 2570', 'TORNILLO CORTICAL AUTOPERFORANTE 3.5MM T15 HEXALOBE 70MM', '123', 'UNIDAD', 10, 30, 1, 1, 'ACTIVO', 0, '15/06/2016', 0, ''),
(1217, 1, 1030570356, 1, 6, '01 1050 0032', 'BROCA CALIBRADA 2.5 ', '123', 'UNIDAD', 10, 30, 1, 1, 'ACTIVO', 0, '15/06/2016', 0, ''),
(1218, 1, 1030570356, 1, 6, '01 1050 0039', 'GU?A LISA 1.60MM ', '123', 'UNIDAD', 10, 30, 1, 1, 'ACTIVO', 0, '15/06/2016', 0, ''),
(1219, 1, 1030570356, 1, 6, '01 1030 001', 'MANGO RATCHET AO ', '123', 'UNIDAD', 10, 30, 1, 1, 'ACTIVO', 0, '15/06/2016', 0, ''),
(1220, 1, 1030570356, 1, 6, '01 1030 007', 'PINZAS DE AUTOSUJECI?N PARA TORNILLOS', '123', 'UNIDAD', 10, 30, 1, 1, 'ACTIVO', 0, '15/06/2016', 0, ''),
(1221, 1, 1030570356, 1, 6, '01 0903 0002', 'GU?A DE BROCA 2.5 MM ROSCADA', '123', 'UNIDAD', 10, 30, 1, 1, 'ACTIVO', 0, '15/06/2016', 0, ''),
(1222, 1, 1030570356, 1, 6, '01 0903 0003', 'ATORNILLADORT15 HEXALOBE ', '123', 'UNIDAD', 10, 30, 1, 1, 'ACTIVO', 0, '15/06/2016', 0, ''),
(1223, 1, 1030570356, 1, 6, '01 0903 5001', 'CONTENEDOR PEDILOC TIBIA', '123', 'UNIDAD', 10, 30, 1, 1, 'ACTIVO', 0, '15/06/2016', 0, ''),
(1224, 1, 1030570356, 1, 6, '01 0903 5002', 'BANDEJA DE IMPLANTES PEDILOC TIBIA ', '123', 'UNIDAD', 10, 30, 1, 1, 'ACTIVO', 0, '15/06/2016', 0, ''),
(1225, 1, 1030570356, 1, 6, '01 0903 5003', 'CAJA DE TORNILLOS PEDILOC TIBIA ', '123', 'UNIDAD', 10, 30, 1, 1, 'ACTIVO', 0, '15/06/2016', 0, ''),
(1226, 1, 1030570356, 1, 6, '01 0903 5004', 'TAPA CONTENEDOR PEDILOC TIBIA', '123', 'UNIDAD', 10, 30, 1, 1, 'ACTIVO', 0, '15/06/2016', 0, ''),
(1227, 1, 1030570356, 1, 5, '10 1500 021', 'CLAVO FEMORAL IM 7MM X 20CM DERECHO', '123', 'UNIDAD', 10, 30, 1, 1, 'ACTIVO', 0, '15/06/2016', 0, ''),
(1228, 1, 1030570356, 1, 5, '10 1500 022', 'CLAVO FEMORAL IM 7MM X 22CM DERECHO', '123', 'UNIDAD', 10, 30, 1, 1, 'ACTIVO', 0, '15/06/2016', 0, ''),
(1229, 1, 1030570356, 1, 5, '10 1500 023', 'CLAVO FEMORAL IM 7MM X 24CM DERECHO', '123', 'UNIDAD', 10, 30, 1, 1, 'ACTIVO', 0, '15/06/2016', 0, ''),
(1230, 1, 1030570356, 1, 5, '10 1500 024', 'CLAVO FEMORAL IM 7MM X 26CM DERECHO', '123', 'UNIDAD', 10, 30, 1, 1, 'ACTIVO', 0, '15/06/2016', 0, ''),
(1231, 1, 1030570356, 1, 5, '10 1500 025', 'CLAVO FEMORAL IM 7MM X 28CM DERECHO', '123', 'UNIDAD', 10, 30, 1, 1, 'ACTIVO', 0, '15/06/2016', 0, ''),
(1232, 1, 1030570356, 1, 5, '10 1500 026', 'CLAVO FEMORAL IM 7MM X 30CM DERECHO', '123', 'UNIDAD', 10, 30, 1, 1, 'ACTIVO', 0, '15/06/2016', 0, ''),
(1233, 1, 1030570356, 1, 5, '10 1500 031', 'CLAVO FEMORAL IM 8MM X 24CM DERECHO', '123', 'UNIDAD', 10, 30, 1, 1, 'ACTIVO', 0, '15/06/2016', 0, ''),
(1234, 1, 1030570356, 1, 5, '10 1500 032', 'CLAVO FEMORAL IM 8MM X 26CM DERECHO', '123', 'UNIDAD', 10, 30, 1, 1, 'ACTIVO', 0, '15/06/2016', 0, ''),
(1235, 1, 1030570356, 1, 5, '10 1500 033', 'CLAVO FEMORAL IM 8MM X 28CM DERECHO', '123', 'UNIDAD', 10, 30, 1, 1, 'ACTIVO', 0, '15/06/2016', 0, ''),
(1236, 1, 1030570356, 1, 5, '10 1500 034', 'CLAVO FEMORAL IM 8MM X 30CM DERECHO', '123', 'UNIDAD', 10, 30, 1, 1, 'ACTIVO', 0, '15/06/2016', 0, ''),
(1237, 1, 1030570356, 1, 5, '10 1500 035', 'CLAVO FEMORAL IM 8MM X 32CM DERECHO', '123', 'UNIDAD', 10, 30, 1, 1, 'ACTIVO', 0, '15/06/2016', 0, ''),
(1238, 1, 1030570356, 1, 5, '10 1500 036', 'CLAVO FEMORAL IM 8MM X 34CM DERECHO', '123', 'UNIDAD', 10, 30, 1, 1, 'ACTIVO', 0, '15/06/2016', 0, ''),
(1239, 1, 1030570356, 1, 5, '10 1500 037', 'CLAVO FEMORAL IM 8MM X 36CM DERECHO', '123', 'UNIDAD', 10, 30, 1, 1, 'ACTIVO', 0, '15/06/2016', 0, ''),
(1240, 1, 1030570356, 1, 5, '10 1500 041', 'CLAVO FEMORAL IM 9MM X 28CM DERECHO', '123', 'UNIDAD', 10, 30, 1, 1, 'ACTIVO', 0, '15/06/2016', 0, ''),
(1241, 1, 1030570356, 1, 5, '10 1500 042', 'CLAVO FEMORAL IM 9MM X 30CM DERECHO', '123', 'UNIDAD', 10, 30, 1, 1, 'ACTIVO', 0, '15/06/2016', 0, ''),
(1242, 1, 1030570356, 1, 5, '10 1500 043', 'CLAVO FEMORAL IM 9MM X 32CM DERECHO', '123', 'UNIDAD', 10, 30, 1, 1, 'ACTIVO', 0, '15/06/2016', 0, ''),
(1243, 1, 1030570356, 1, 5, '10 1500 044', 'CLAVO FEMORAL IM 9MM X 34CM DERECHO', '123', 'UNIDAD', 10, 30, 1, 1, 'ACTIVO', 0, '15/06/2016', 0, ''),
(1244, 1, 1030570356, 1, 5, '10 1500 045', 'CLAVO FEMORAL IM 9MM X 36CM DERECHO', '123', 'UNIDAD', 10, 30, 1, 1, 'ACTIVO', 0, '15/06/2016', 0, ''),
(1245, 1, 1030570356, 1, 5, '10 1500 046', 'CLAVO FEMORAL IM 9MM X 38CM DERECHO', '123', 'UNIDAD', 10, 30, 1, 1, 'ACTIVO', 0, '15/06/2016', 0, ''),
(1246, 1, 1030570356, 1, 5, '10 1500 071', 'CLAVO FEMORAL IM 7MM X 20CM IZQUIERDO', '123', 'UNIDAD', 10, 30, 1, 1, 'ACTIVO', 0, '15/06/2016', 0, ''),
(1247, 1, 1030570356, 1, 5, '10 1500 072', 'CLAVO FEMORAL IM 7MM X 22CM IZQUIERDO', '123', 'UNIDAD', 10, 30, 1, 1, 'ACTIVO', 0, '15/06/2016', 0, ''),
(1248, 1, 1030570356, 1, 5, '10 1500 073', 'CLAVO FEMORAL IM 7MM X 24CM IZQUIERDO', '123', 'UNIDAD', 10, 30, 1, 1, 'ACTIVO', 0, '15/06/2016', 0, ''),
(1249, 1, 1030570356, 1, 5, '10 1500 074', 'CLAVO FEMORAL IM 7MM X 26CM IZQUIERDO', '123', 'UNIDAD', 10, 30, 1, 1, 'ACTIVO', 0, '15/06/2016', 0, ''),
(1250, 1, 1030570356, 1, 5, '10 1500 075', 'CLAVO FEMORAL IM 7MM X 28CM IZQUIERDO', '123', 'UNIDAD', 10, 30, 1, 1, 'ACTIVO', 0, '15/06/2016', 0, ''),
(1251, 1, 1030570356, 1, 5, '10 1500 076', 'CLAVO FEMORAL IM 7MM X 30CM IZQUIERDO', '123', 'UNIDAD', 10, 30, 1, 1, 'ACTIVO', 0, '15/06/2016', 0, ''),
(1252, 1, 1030570356, 1, 5, '10 1500 081', 'CLAVO FEMORAL IM 8MM X 24CM IZQUIERDO', '123', 'UNIDAD', 10, 30, 1, 1, 'ACTIVO', 0, '15/06/2016', 0, ''),
(1253, 1, 1030570356, 1, 5, '10 1500 082', 'CLAVO FEMORAL IM 8MM X 26CM IZQUIERDO', '123', 'UNIDAD', 10, 30, 1, 1, 'ACTIVO', 0, '15/06/2016', 0, ''),
(1254, 1, 1030570356, 1, 5, '10 1500 083', 'CLAVO FEMORAL IM 8MM X 28CM IZQUIERDO', '123', 'UNIDAD', 10, 30, 1, 1, 'ACTIVO', 0, '15/06/2016', 0, ''),
(1255, 1, 1030570356, 1, 5, '10 1500 084', 'CLAVO FEMORAL IM 8MM X 30CM IZQUIERDO', '123', 'UNIDAD', 10, 30, 1, 1, 'ACTIVO', 0, '15/06/2016', 0, ''),
(1256, 1, 1030570356, 1, 5, '10 1500 085', 'CLAVO FEMORAL IM 8MM X 32CM IZQUIERDO', '123', 'UNIDAD', 10, 30, 1, 1, 'ACTIVO', 0, '15/06/2016', 0, ''),
(1257, 1, 1030570356, 1, 3, '10 1500 2020', 'TORNILLO CORTICAL 4.0 X 20 (7 MM BLOQUEO DISTAL)', '123', 'UNIDAD', 10, 30, 1, 1, 'ACTIVO', 0, '15/06/2016', 0, ''),
(1258, 1, 1030570356, 1, 3, '10 1500 2025', 'TORNILLO CORTICAL 4.0 X 25 (7 MM BLOQUEO DISTAL)', '123', 'UNIDAD', 10, 30, 1, 1, 'ACTIVO', 0, '15/06/2016', 0, ''),
(1259, 1, 1030570356, 1, 3, '10 1500 2030', 'TORNILLO CORTICAL 4.0 X 30 (7 MM BLOQUEO DISTAL)', '123', 'UNIDAD', 10, 30, 1, 1, 'ACTIVO', 0, '15/06/2016', 0, ''),
(1260, 1, 1030570356, 1, 3, '10 1500 2035', 'TORNILLO CORTICAL 4.0 X 35 (7 MM BLOQUEO DISTAL)', '123', 'UNIDAD', 10, 30, 1, 1, 'ACTIVO', 0, '15/06/2016', 0, ''),
(1261, 1, 1030570356, 1, 3, '10 1500 2040', 'TORNILLO CORTICAL 4.0 X 40 (7 MM BLOQUEO DISTAL)', '123', 'UNIDAD', 10, 30, 1, 1, 'ACTIVO', 0, '15/06/2016', 0, ''),
(1262, 1, 1030570356, 1, 3, '10 1500 2045', 'TORNILLO CORTICAL 4.0 X 45 (7 MM BLOQUEO DISTAL)', '123', 'UNIDAD', 10, 30, 1, 1, 'ACTIVO', 0, '15/06/2016', 0, ''),
(1263, 1, 1030570356, 1, 3, '10 1500 2050', 'TORNILLO CORTICAL 4.0 X 50 (7 MM BLOQUEO DISTAL)', '123', 'UNIDAD', 10, 30, 1, 1, 'ACTIVO', 0, '15/06/2016', 0, ''),
(1264, 1, 1030570356, 1, 3, '10 1500 2055', 'TORNILLO CORTICAL 4.0 X 55 (7 MM BLOQUEO DISTAL)', '123', 'UNIDAD', 10, 30, 1, 1, 'ACTIVO', 0, '15/06/2016', 0, ''),
(1265, 1, 1030570356, 1, 3, '10 1500 2060', 'TORNILLO CORTICAL 4.0 X 60 (7 MM BLOQUEO DISTAL)', '123', 'UNIDAD', 10, 30, 1, 1, 'ACTIVO', 0, '15/06/2016', 0, ''),
(1266, 1, 1030570356, 1, 3, '10 1500 3016', 'TORNILLO CORTICAL DE BLOQUEO 4.5 X 16  ROSCA TOTAL', '123', 'UNIDAD', 10, 30, 1, 1, 'ACTIVO', 0, '15/06/2016', 0, ''),
(1267, 1, 1030570356, 1, 3, '10 1500 3018', 'TORNILLO CORTICAL DE BLOQUEO 4.5 X 18  ROSCA TOTAL', '123', 'UNIDAD', 10, 30, 1, 1, 'ACTIVO', 0, '15/06/2016', 0, ''),
(1268, 1, 1030570356, 1, 3, '10 1500 3020', 'TORNILLO CORTICAL DE BLOQUEO 4.5 X 20  ROSCA TOTAL', '123', 'UNIDAD', 10, 30, 1, 1, 'ACTIVO', 0, '15/06/2016', 0, ''),
(1269, 1, 1030570356, 1, 3, '10 1500 3022', 'T ORNILLO CORTICAL DE BLOQUEO 4.5 X 22 ROSCA TOTAL', '123', 'UNIDAD', 10, 30, 1, 2000.5, 'ACTIVO', -5, '15/06/2016', 0, ''),
(1270, 1, 1030570356, 1, 3, '10 1500 3024', 'TORNILLO CORTICAL DE BLOQUEO 4.5 X 24  ROSCA TOTAL', '123', 'UNIDAD', 10, 30, 1, 1, 'ACTIVO', 0, '15/06/2016', 0, ''),
(1271, 1, 1030570356, 1, 3, '10 1500 3026', 'TORNILLO CORTICAL DE BLOQUEO 4.5 X 26 ROSCA TOTAL', '123', 'UNIDAD', 10, 30, 1, 1, 'ACTIVO', 0, '15/06/2016', 0, ''),
(1272, 1, 1030570356, 1, 3, '10 1500 3028', 'TORNILLO CORTICAL DE BLOQUEO 4.5 X 28 ROSCA TOTAL', '123', 'UNIDAD', 10, 30, 1, 1, 'ACTIVO', 0, '15/06/2016', 0, ''),
(1273, 1, 1030570356, 1, 3, '10 1500 3030', 'TORNILLO CORTICAL DE BLOQUEO 4.5 X 30 ROSCA TOTAL', '123', 'UNIDAD', 10, 30, 1, 1, 'ACTIVO', 0, '15/06/2016', 0, ''),
(1274, 1, 1030570356, 1, 3, '10 1500 3032', 'TORNILLO CORTICAL DE BLOQUEO 4.5 X 32 ROSCA TOTAL', '123', 'UNIDAD', 10, 30, 1, 1, 'ACTIVO', 0, '15/06/2016', 0, ''),
(1275, 1, 1030570356, 1, 3, '10 1500 3034', 'TORNILLO CORTICAL DE BLOQUEO 4.5 X 34 ROSCA TOTAL', '123', 'UNIDAD', 10, 30, 1, 1, 'ACTIVO', 0, '15/06/2016', 0, ''),
(1276, 1, 1030570356, 1, 3, '10 1500 3036', 'TORNILLO CORTICAL DE BLOQUEO 4.5 X 36 ROSCA TOTAL', '123', 'UNIDAD', 10, 30, 1, 1, 'ACTIVO', 0, '15/06/2016', 0, ''),
(1277, 1, 1030570356, 1, 3, '10 1500 3038', 'TORNILLO CORTICAL DE BLOQUEO 4.5 X 38 ROSCA TOTAL', '123', 'UNIDAD', 10, 30, 1, 1, 'ACTIVO', 0, '15/06/2016', 0, ''),
(1278, 1, 1030570356, 1, 3, '10 1500 3040', 'TORNILLO CORTICAL DE BLOQUEO 4.5 X 40 ROSCA TOTAL', '123', 'UNIDAD', 10, 30, 1, 1, 'ACTIVO', 0, '15/06/2016', 0, ''),
(1279, 1, 1030570356, 1, 3, '10 1500 3042', 'TORNILLO CORTICAL DE BLOQUEO 4.5 X 42 ROSCA TOTAL ', '123', 'UNIDAD', 10, 30, 1, 1, 'ACTIVO', 0, '15/06/2016', 0, ''),
(1280, 1, 1030570356, 1, 3, '10 1500 3044', 'TORNILLO CORTICAL DE BLOQUEO 4.5 X 44 ROSCA TOTAL', '123', 'UNIDAD', 10, 30, 1, 1, 'ACTIVO', 0, '15/06/2016', 0, ''),
(1281, 1, 1030570356, 1, 3, '10 1500 3046', 'TORNILLO CORTICAL DE BLOQUEO 4.5 X 46 ROSCA TOTAL', '123', 'UNIDAD', 10, 30, 1, 1, 'ACTIVO', 0, '15/06/2016', 0, ''),
(1282, 1, 1030570356, 1, 3, '10 1500 3048', 'TORNILLO CORTICAL DE BLOQUEO 4.5 X 48 ROSCA TOTAL', '123', 'UNIDAD', 10, 30, 1, 1, 'ACTIVO', 0, '15/06/2016', 0, ''),
(1283, 1, 1030570356, 1, 3, '10 1500 3050', 'TORNILLO CORTICAL DE BLOQUEO 4.5 X 50 ROSCA TOTAL', '123', 'UNIDAD', 10, 30, 1, 1, 'ACTIVO', 0, '15/06/2016', 0, ''),
(1284, 1, 1030570356, 1, 3, '10 1500 3055', 'TORNILLO CORTICAL DE BLOQUEO 4.5 X 55 ROSCA TOTAL', '123', 'UNIDAD', 10, 30, 1, 1, 'ACTIVO', 0, '15/06/2016', 0, ''),
(1285, 1, 1030570356, 1, 3, '10 1500 3060', 'TORNILLO CORTICAL DE BLOQUEO 4.5 X 60 ROSCA TOTAL', '123', 'UNIDAD', 10, 30, 1, 1, 'ACTIVO', 0, '15/06/2016', 0, ''),
(1286, 1, 1030570356, 1, 3, '10 1500 3065', 'TORNILLO CORTICAL DE BLOQUEO 4.5 X 65 ROSCA TOTAL', '123', 'UNIDAD', 10, 30, 1, 1, 'ACTIVO', 0, '15/06/2016', 0, ''),
(1287, 1, 1030570356, 1, 3, '10 1500 3070', 'TORNILLO CORTICAL DE BLOQUEO 4.5 X 70 ROSCA TOTAL', '123', 'UNIDAD', 10, 30, 1, 1, 'ACTIVO', 0, '15/06/2016', 0, ''),
(1288, 1, 1030570356, 1, 3, '10 1500 3075', 'TORNILLO CORTICAL DE BLOQUEO 4.5 X 75 ROSCA TOTAL', '123', 'UNIDAD', 10, 30, 1, 1, 'ACTIVO', 0, '15/06/2016', 0, ''),
(1289, 1, 1030570356, 1, 3, '10 1500 3080', 'TORNILLO CORTICAL DE BLOQUEO 4.5 X 80 ROSCA TOTAL', '123', 'UNIDAD', 10, 30, 1, 1, 'ACTIVO', 0, '15/06/2016', 0, ''),
(1290, 1, 1030570356, 1, 3, '10 1500 3085', 'TORNILLO CORTICAL DE BLOQUEO 4.5 X 85 ROSCA TOTAL', '123', 'UNIDAD', 10, 30, 1, 1, 'ACTIVO', 0, '15/06/2016', 0, ''),
(1291, 1, 1030570356, 1, 3, '10 1500 4045', 'TORNILLO CORTICAL DE BLOQUEO 4.5 X 45 ROSCA PARCIAL', '123', 'UNIDAD', 10, 30, 1, 1, 'ACTIVO', 0, '15/06/2016', 0, ''),
(1292, 1, 1030570356, 1, 3, '10 1500 4050', 'TORNILLO CORTICAL DE BLOQUEO 4.5 X 50 ROSCA PARCIAL', '123', 'UNIDAD', 10, 30, 1, 1, 'ACTIVO', 0, '15/06/2016', 0, ''),
(1293, 1, 1030570356, 1, 3, '10 1500 4055', 'TORNILLO CORTICAL DE BLOQUEO 4.5 X 55 ROSCA PARCIAL', '123', 'UNIDAD', 10, 30, 1, 1, 'ACTIVO', 0, '15/06/2016', 0, ''),
(1294, 1, 1030570356, 1, 3, '10 1500 4060', 'TORNILLO CORTICAL DE BLOQUEO 4.5 X 60 ROSCA PARCIAL', '123', 'UNIDAD', 10, 30, 1, 1, 'ACTIVO', 0, '15/06/2016', 0, ''),
(1295, 1, 1030570356, 1, 3, '10 1500 4065', 'TORNILLO CORTICAL DE BLOQUEO 4.5 X 65 ROSCA PARCIAL', '123', 'UNIDAD', 10, 30, 1, 1, 'ACTIVO', 0, '15/06/2016', 0, ''),
(1296, 1, 1030570356, 1, 3, '10 1500 4070', 'TORNILLO CORTICAL DE BLOQUEO 4.5 X 70 ROSCA PARCIAL', '123', 'UNIDAD', 10, 30, 1, 1, 'ACTIVO', 0, '15/06/2016', 0, ''),
(1297, 1, 1030570356, 1, 3, '10 1500 4075', 'TORNILLO CORTICAL DE BLOQUEO 4.5 X 75 ROSCA PARCIAL', '123', 'UNIDAD', 10, 30, 1, 1, 'ACTIVO', 0, '15/06/2016', 0, ''),
(1298, 1, 1030570356, 1, 3, '10 1500 4080', 'TORNILLO CORTICAL DE BLOQUEO 4.5 X 80 ROSCA PARCIAL', '123', 'UNIDAD', 10, 30, 1, 1, 'ACTIVO', 0, '15/06/2016', 0, ''),
(1299, 1, 1030570356, 1, 3, '10 1500 4085', 'TORNILLO CORTICAL DE BLOQUEO 4.5 X 85 ROSCA PARCIAL', '123', 'UNIDAD', 10, 30, 1, 1, 'ACTIVO', 0, '15/06/2016', 0, ''),
(1300, 1, 1030570356, 1, 3, '10 1500 4090', 'TORNILLO CORTICAL DE BLOQUEO 4.5 X 90 ROSCA PARCIAL', '123', 'UNIDAD', 10, 30, 1, 1, 'ACTIVO', 0, '15/06/2016', 0, ''),
(1301, 1, 1030570356, 1, 3, '10 1500 4095', 'TORNILLO CORTICAL DE BLOQUEO 4.5 X 95 ROSCA PARCIAL', '123', 'UNIDAD', 10, 30, 1, 1, 'ACTIVO', 0, '15/06/2016', 0, ''),
(1302, 1, 1030570356, 1, 3, '10 1500 4100', 'TORNILLO CORTICAL DE BLOQUEO 4.5 X 100 ROSCA PARCIAL', '123', 'UNIDAD', 10, 30, 1, 1, 'ACTIVO', 0, '15/06/2016', 0, ''),
(1303, 1, 1030570356, 1, 6, '01 1500 0160', 'EJE FLEXIBLE MONOREAMER 6.0 ', '123', 'UNIDAD', 10, 30, 1, 1, 'ACTIVO', 0, '15/06/2016', 0, ''),
(1304, 1, 1030570356, 1, 6, '01 1500 0165', 'EJE FLEXIBLE MONOREAMER 6.5', '123', 'UNIDAD', 10, 30, 1, 1, 'ACTIVO', 0, '15/06/2016', 0, ''),
(1305, 1, 1030570356, 1, 6, '01 1500 0170', 'EJE FLEXIBLE MONOREAMER 7.0 ', '123', 'UNIDAD', 10, 30, 1, 1, 'ACTIVO', 0, '15/06/2016', 0, ''),
(1306, 1, 1030570356, 1, 6, '01 1500 008', 'REAMER INICIADOR CANULADO 9.5 MM ', '123', 'UNIDAD', 10, 30, 1, 1, 'ACTIVO', 0, '15/06/2016', 0, ''),
(1307, 1, 1030570356, 1, 6, '11 1500 001', 'GU?A PUNTA ROSCADA (3.2MM)', '123', 'UNIDAD', 10, 30, 1, 1, 'ACTIVO', 0, '15/06/2016', 0, ''),
(1308, 1, 1030570356, 1, 6, '01 1500 036', 'MANGO INSERTOR EN T', '123', 'UNIDAD', 10, 30, 1, 1, 'ACTIVO', 0, '15/06/2016', 0, ''),
(1309, 1, 1030570356, 1, 6, '01 1500 034', 'MINI ADAPTADOR QC', '123', 'UNIDAD', 10, 30, 1, 1, 'ACTIVO', 0, '15/06/2016', 0, ''),
(1310, 1, 1030570356, 1, 6, '01 1500 075', 'CABEZA DE REAMER 7.5  ', '123', 'UNIDAD', 10, 30, 1, 1, 'ACTIVO', 0, '15/06/2016', 0, ''),
(1311, 1, 1030570356, 1, 6, '01 1500 080', 'CABEZA DE REAMER 8 ', '123', 'UNIDAD', 10, 30, 1, 1, 'ACTIVO', 0, '15/06/2016', 0, ''),
(1312, 1, 1030570356, 1, 6, '01 1500 085', 'CABEZA DE REAMER 8.5 ', '123', 'UNIDAD', 10, 30, 1, 1, 'ACTIVO', 0, '15/06/2016', 0, ''),
(1313, 1, 1030570356, 1, 6, '01 1500 090', 'CABEZA DE REAMER 9  ', '123', 'UNIDAD', 10, 30, 1, 1, 'ACTIVO', 0, '15/06/2016', 0, ''),
(1314, 1, 1030570356, 1, 6, '01 1500 095', 'CABEZA DE REAMER 9.5  ', '123', 'UNIDAD', 10, 30, 1, 1, 'ACTIVO', 0, '15/06/2016', 0, ''),
(1315, 1, 1030570356, 1, 6, '01 1500 100', 'CABEZA DE REAMER 10  ', '123', 'UNIDAD', 10, 30, 1, 1, 'ACTIVO', 0, '15/06/2016', 0, ''),
(1316, 1, 1030570356, 1, 6, '01 1500 105', 'CABEZA DE REAMER 10.5  ', '123', 'UNIDAD', 10, 30, 1, 1, 'ACTIVO', 0, '15/06/2016', 0, ''),
(1317, 1, 1030570356, 1, 6, '01 1500 110', 'CABEZA DE REAMER 11  ', '123', 'UNIDAD', 10, 30, 1, 1, 'ACTIVO', 0, '15/06/2016', 0, ''),
(1318, 1, 1030570356, 1, 6, '01 1500 115', 'CABEZA DE REAMER 11.5  ', '123', 'UNIDAD', 10, 30, 1, 1, 'ACTIVO', 0, '15/06/2016', 0, ''),
(1319, 1, 1030570356, 1, 6, '01 1500 120', 'CABEZA DE REAMER 12  ', '123', 'UNIDAD', 10, 30, 1, 1, 'ACTIVO', 0, '15/06/2016', 0, ''),
(1320, 1, 1030570356, 1, 6, '01 1500 014', 'VARILLA DE MEDICI?N INTERNA', '123', 'UNIDAD', 10, 30, 1, 1, 'ACTIVO', 0, '15/06/2016', 0, ''),
(1321, 1, 1030570356, 1, 6, '01 1500 060', 'EJE FLEXIBLE PARA REAMER', '123', 'UNIDAD', 10, 30, 1, 1, 'ACTIVO', 0, '15/06/2016', 0, ''),
(1322, 1, 1030570356, 1, 6, '01 1500 010', 'PROTECTOR DE TEJIDOS 10.0 ', '123', 'UNIDAD', 10, 30, 1, 1, 'ACTIVO', 0, '15/06/2016', 0, ''),
(1323, 1, 1030570356, 1, 6, '01 1500 012', 'PROTECTOR DE TEJIDOS 12.0', '123', 'UNIDAD', 10, 30, 1, 1, 'ACTIVO', 0, '15/06/2016', 0, ''),
(1324, 1, 1030570356, 1, 6, '01 1500 007', 'PROTECTOR DE TEJIDOS 7.0', '123', 'UNIDAD', 10, 30, 1, 1, 'ACTIVO', 0, '15/06/2016', 0, ''),
(1325, 1, 1030570356, 1, 6, '01 1030 001', 'MANGO ANCLAJE R?PIDO AO ', '123', 'UNIDAD', 10, 30, 1, 1, 'ACTIVO', 0, '15/06/2016', 0, ''),
(1326, 1, 1030570356, 1, 6, '01 1500 035', 'MEDIDOR DE PROFUNDIDAD LARGO- 10-100MM', '123', 'UNIDAD', 10, 30, 1, 1, 'ACTIVO', 0, '15/06/2016', 0, ''),
(1327, 1, 1030570356, 1, 6, '01 1500 9017', 'ATORNILLADOR HEXAGONAL 3.5 MM LARGO ', '123', 'UNIDAD', 10, 30, 1, 1, 'ACTIVO', 0, '15/06/2016', 0, ''),
(1328, 1, 1030570356, 1, 6, '01 1500 9019', 'ATORNILLADOR DE BOLA 4.7MM', '123', 'UNIDAD', 10, 30, 1, 1, 'ACTIVO', 0, '15/06/2016', 0, ''),
(1329, 1, 1030570356, 1, 6, '01 1500 9020', 'ATORNILLADOR HEXAGONAL 3.5 MM CORTO', '123', 'UNIDAD', 10, 30, 1, 1, 'ACTIVO', 0, '15/06/2016', 0, ''),
(1330, 1, 1030570356, 1, 6, '01 1500 031', 'OBTURADOR', '123', 'UNIDAD', 10, 30, 1, 1, 'ACTIVO', 0, '15/06/2016', 0, ''),
(1331, 1, 1030570356, 1, 6, '01 1500 9011', 'REDUCTOR INTRAMEDULAR/MANGO EN T', '123', 'UNIDAD', 10, 30, 1, 1, 'ACTIVO', 0, '15/06/2016', 0, ''),
(1332, 1, 1030570356, 1, 6, '01 1500 9015', 'BROCA CALIBRADA 3.2 MM LARGA', '123', 'UNIDAD', 10, 30, 1, 1, 'ACTIVO', 0, '15/06/2016', 0, ''),
(1333, 1, 1030570356, 1, 6, '01 1500 024', 'BROCA 3.2 CORTA ', '123', 'UNIDAD', 10, 30, 1, 1, 'ACTIVO', 0, '15/06/2016', 0, ''),
(1334, 1, 1030570356, 1, 6, '01 1500 021', 'BROCA 2.9 MM CORTA', '123', 'UNIDAD', 10, 30, 1, 1, 'ACTIVO', 0, '15/06/2016', 0, ''),
(1335, 1, 1030570356, 1, 6, '01 1500 9016', 'BROCA CALIBRADA 4.5 MM LARGA', '123', 'UNIDAD', 10, 30, 1, 1, 'ACTIVO', 0, '15/06/2016', 0, ''),
(1336, 1, 1030570356, 1, 6, '01 1500 9014', 'TROCAR INICIADOR 3.2MML', '123', 'UNIDAD', 10, 30, 1, 1, 'ACTIVO', 0, '15/06/2016', 0, ''),
(1337, 1, 1030570356, 1, 6, '21 1500 9003', 'GU?A MODULAR DE BLOQUEO DERECHO', '123', 'UNIDAD', 10, 30, 1, 1, 'ACTIVO', 0, '15/06/2016', 0, ''),
(1338, 1, 1030570356, 1, 6, '21 1500 9002', 'GU?A MODULAR DE BLOQUEO IZQUIERDO', '123', 'UNIDAD', 10, 30, 1, 1, 'ACTIVO', 0, '15/06/2016', 0, ''),
(1339, 1, 1030570356, 1, 6, '21 1500 9001', 'DISPOSITIVO DE ORIENTACION MODULAR', '123', 'UNIDAD', 10, 30, 1, 1, 'ACTIVO', 0, '15/06/2016', 0, ''),
(1340, 1, 1030570356, 1, 6, '01 1500 018', 'MARTILLO', '123', 'UNIDAD', 10, 30, 1, 1, 'ACTIVO', 0, '15/06/2016', 0, ''),
(1341, 1, 1030570356, 1, 6, '01 1500 9013', 'MARTILLO DESLIZANTE', '123', 'UNIDAD', 10, 30, 1, 1, 'ACTIVO', 0, '15/06/2016', 0, ''),
(1342, 1, 1030570356, 1, 6, '01 1500 9012', 'IMPACTOR DE CLAVO', '123', 'UNIDAD', 10, 30, 1, 1, 'ACTIVO', 0, '15/06/2016', 0, ''),
(1343, 1, 1030570356, 1, 6, '01 1500 9018', 'ADAPTADOR DE EXTRACCI?N', '123', 'UNIDAD', 10, 30, 1, 1, 'ACTIVO', 0, '15/06/2016', 0, ''),
(1344, 1, 1030570356, 1, 6, '21 1500 9005', 'DISPOSITIVO DE ORIENTACION ', '123', 'UNIDAD', 10, 30, 1, 1, 'ACTIVO', 0, '15/06/2016', 0, ''),
(1345, 1, 1030570356, 1, 6, '01 1500 026', 'ATORNILLADOR EN T 5.0 PARA ORIENTACION DISPOSITIVO', '123', 'UNIDAD', 10, 30, 1, 1, 'ACTIVO', 0, '15/06/2016', 0, ''),
(1346, 1, 1030570356, 1, 6, '21 1500 9008', 'GU?A TUBO 3.2MM ', '123', 'UNIDAD', 10, 30, 1, 1, 'ACTIVO', 0, '15/06/2016', 0, ''),
(1347, 1, 1030570356, 1, 6, '21 1500 9006', 'GU?A TUBO EXTERNA ', '123', 'UNIDAD', 10, 30, 1, 1, 'ACTIVO', 0, '15/06/2016', 0, ''),
(1348, 1, 1030570356, 1, 6, '21 1500 9007', 'GU?A TUBO 4.5MM ', '123', 'UNIDAD', 10, 30, 1, 1, 'ACTIVO', 0, '15/06/2016', 0, ''),
(1349, 1, 1030570356, 1, 6, '11 1500 002', 'GU?A LISA NITINOL2.0MM SMOOTH', '123', 'UNIDAD', 10, 30, 1, 1, 'ACTIVO', 0, '15/06/2016', 0, ''),
(1350, 1, 1030570356, 1, 6, '11 1500 006', 'GU?A R?GIDA OLIVADA 2.7-CROMOCOBALTO', '123', 'UNIDAD', 10, 30, 1, 1, 'ACTIVO', 0, '15/06/2016', 0, ''),
(1351, 1, 1030570356, 1, 6, '11 1500 005', 'GU?A TUBO DE NYLON', '123', 'UNIDAD', 10, 30, 1, 1, 'ACTIVO', 0, '15/06/2016', 0, ''),
(1352, 1, 1030570356, 1, 6, '01 1500 9301', 'BASE DE CONTENEDOR N.2 PEDINAIL ', '123', 'UNIDAD', 10, 30, 1, 1, 'ACTIVO', 0, '15/06/2016', 0, ''),
(1353, 1, 1030570356, 1, 6, '01 1500 0302', 'TAPA DE CONTENEDOR PEDINAIL ', '123', 'UNIDAD', 10, 30, 1, 1, 'ACTIVO', 0, '15/06/2016', 0, ''),
(1354, 1, 1030570356, 1, 6, '01 1500 9304', 'BASE DE CONTENEDOR N.1 PEDINAIL ', '123', 'UNIDAD', 10, 30, 1, 1, 'ACTIVO', 0, '15/06/2016', 0, ''),
(1355, 1, 1030570356, 1, 6, '01 1500 9305', 'BANDEJA DE CONTENEDOR N.1 PEDINAIL', '123', 'UNIDAD', 10, 30, 1, 1, 'ACTIVO', 0, '15/06/2016', 0, ''),
(1356, 1, 1030570356, 1, 6, '01 1500 0307', 'BASE CONTENEDOR PEDINAIL 9MM IZQUIERDO', '123', 'UNIDAD', 10, 30, 1, 1, 'ACTIVO', 0, '15/06/2016', 0, ''),
(1357, 1, 1030570356, 1, 6, '01 1500 0308', 'BANDEJA CONTENEDOR PEDINAIL 7-8MM IZQUIERDO', '123', 'UNIDAD', 10, 30, 1, 1, 'ACTIVO', 0, '15/06/2016', 0, ''),
(1358, 1, 1030570356, 1, 6, '01 1500 0311', 'BASE DE CONTENEDOR PEDINAIL 9MM DERECHO', '123', 'UNIDAD', 10, 30, 1, 1, 'ACTIVO', 0, '15/06/2016', 0, ''),
(1359, 1, 1030570356, 1, 6, '01 1500 0312', 'BANDEJA CONTENEDOR PEDINAIL 7-8MM DERECHO', '123', 'UNIDAD', 10, 30, 1, 1, 'ACTIVO', 0, '15/06/2016', 0, ''),
(1360, 1, 1030570356, 1, 6, '01 1500 9315', 'CAJA DE TORNILLOS PEDINAIL ', '123', 'UNIDAD', 10, 30, 1, 1, 'ACTIVO', 0, '15/06/2016', 0, ''),
(1361, 1, 1030570356, 1, 6, '01 1500 9316', 'TAPA CAJA DE TORNILLOS PEDINAIL ', '123', 'UNIDAD', 10, 30, 1, 1, 'ACTIVO', 0, '15/06/2016', 0, ''),
(1362, 1, 1030570356, 1, 6, '01 1200 0075', 'MEDIDOR DE OSTEOTOM?A INFANTE/NI?O', '123', 'UNIDAD', 10, 30, 1, 1, 'ACTIVO', 0, '15/06/2016', 0, ''),
(1363, 1, 1030570356, 1, 6, '01 1200 0077', 'MARTILLO 250 GRAMOS', '123', 'UNIDAD', 10, 30, 1, 1, 'ACTIVO', 0, '15/06/2016', 0, ''),
(1364, 1, 1030570356, 1, 6, '01 1200 0076', 'MARTILLO DESLIZANTE PEQUE?O', '123', 'UNIDAD', 10, 30, 1, 1, 'ACTIVO', 0, '15/06/2016', 0, ''),
(1365, 1, 1030570356, 1, 6, '01 1200 0006', 'CINCEL INFANTE (ESCOPLO)', '123', 'UNIDAD', 10, 30, 1, 1, 'ACTIVO', 0, '15/06/2016', 0, ''),
(1366, 1, 1030570356, 1, 6, '01 1200 0026', 'TENEDOR EXTRACTOR (DIAPAZON)', '123', 'UNIDAD', 10, 30, 1, 1, 'ACTIVO', 0, '15/06/2016', 0, ''),
(1367, 1, 1030570356, 1, 6, '01 1200 0007', 'CINCEL NI?O (ESCOPLO)', '123', 'UNIDAD', 10, 30, 1, 1, 'ACTIVO', 0, '15/06/2016', 0, ''),
(1368, 1, 1030570356, 1, 6, '01 1010 003', 'CEPILLO DE LIMPIEZA 1.75 MM ', '123', 'UNIDAD', 10, 30, 1, 1, 'ACTIVO', 0, '15/06/2016', 0, ''),
(1369, 1, 1030570356, 1, 6, '01 1010 004', 'ESTILETE DE LIMPIEZA 1.6 MM ', '123', 'UNIDAD', 10, 30, 1, 1, 'ACTIVO', 0, '15/06/2016', 0, ''),
(1370, 1, 1030570356, 1, 6, '01 0907 0022', 'AGUJA GU?A 2.0MM X 150MM PUNTA ROSCADA ', '123', 'UNIDAD', 10, 30, 1, 1, 'ACTIVO', 0, '15/06/2016', 0, ''),
(1371, 1, 1030570356, 1, 6, '01 0907 0022', 'AGUJA GU?A 2.0MM X 150MM PUNTA ROSCADA ', '123', 'UNIDAD', 10, 30, 1, 1, 'ACTIVO', 0, '15/06/2016', 0, ''),
(1372, 1, 1030570356, 1, 6, '01 1200 0002', 'CONTROLADOR DE INSERCI?N CINCEL GU?A  ', '123', 'UNIDAD', 10, 30, 1, 1, 'ACTIVO', 0, '15/06/2016', 0, ''),
(1373, 1, 1030570356, 1, 6, '01 1200 0071', 'POSICIONADOR TRIANGULAR, 100-60-20 GRADOS', '123', 'UNIDAD', 10, 30, 1, 1, 'ACTIVO', 0, '15/06/2016', 0, ''),
(1374, 1, 1030570356, 1, 6, '01 1200 0070', 'POSICIONADOR TRIANGULAR, 80-70-30 GRADOS', '123', 'UNIDAD', 10, 30, 1, 1, 'ACTIVO', 0, '15/06/2016', 0, ''),
(1375, 1, 1030570356, 1, 6, '01 1200 0069', 'POSICIONADOR TRIANGULAR, 90-40-50 GRADOS', '123', 'UNIDAD', 10, 30, 1, 1, 'ACTIVO', 0, '15/06/2016', 0, ''),
(1376, 1, 1030570356, 1, 6, '01 1200 0012', 'GU?A DE ANGULO AJUSTABLE 2.0 ', '123', 'UNIDAD', 10, 30, 1, 1, 'ACTIVO', 0, '15/06/2016', 0, ''),
(1377, 1, 1030570356, 1, 6, '01 1200 0047', 'LLAVE INGLESA', '123', 'UNIDAD', 10, 30, 1, 1, 'ACTIVO', 0, '15/06/2016', 0, ''),
(1378, 1, 1030570356, 1, 6, '01 1200 0028', 'CLAMP EXTRACTOR ', '123', 'UNIDAD', 10, 30, 1, 1, 'ACTIVO', 0, '15/06/2016', 0, ''),
(1379, 1, 1030570356, 1, 6, '01 1200 0062', 'DOBLADORA -DERECHA', '123', 'UNIDAD', 10, 30, 1, 1, 'ACTIVO', 0, '15/06/2016', 0, ''),
(1380, 1, 1030570356, 1, 6, '01 1200 0064', 'DOBLADORA IZQUIERDA', '123', 'UNIDAD', 10, 30, 1, 1, 'ACTIVO', 0, '15/06/2016', 0, ''),
(1381, 1, 1030570356, 1, 6, '01 1200 0068', 'ATORNILLADOR T15 HEXALOBE', '123', 'UNIDAD', 10, 30, 1, 1, 'ACTIVO', 0, '15/06/2016', 0, ''),
(1382, 1, 1030570356, 1, 6, '01 1010 001', 'MANGO EN T AO ANCLAJE R?PIDO', '123', 'UNIDAD', 10, 30, 1, 1, 'ACTIVO', 0, '15/06/2016', 0, ''),
(1383, 1, 1030570356, 1, 6, '01 1030 001', 'MANGO SILICONADO AO ANCLAJE R?PIDO', '123', 'UNIDAD', 10, 30, 1, 1, 'ACTIVO', 0, '15/06/2016', 0, ''),
(1384, 1, 1030570356, 1, 6, '01 1200 0009', 'INSERTOR ROSCADO PLACA INFANTE/NI?O', '123', 'UNIDAD', 10, 30, 1, 1, 'ACTIVO', 0, '15/06/2016', 0, ''),
(1385, 1, 1030570356, 1, 6, '01 1200 0057', 'CLAMP PEQUE?O PARA HUESO', '123', 'UNIDAD', 10, 30, 1, 1, 'ACTIVO', 0, '15/06/2016', 0, ''),
(1386, 1, 1030570356, 1, 6, '01 1200 0074', 'CLAMP DE HUESO PARA INFANTES', '123', 'UNIDAD', 10, 30, 1, 1, 'ACTIVO', 0, '15/06/2016', 0, ''),
(1387, 1, 1030570356, 1, 6, '01 1200 0067', 'GU?A DE BROCA 2.5MM ROSCADA', '123', 'UNIDAD', 10, 30, 1, 1, 'ACTIVO', 0, '15/06/2016', 0, ''),
(1388, 1, 1030570356, 1, 6, '01 1050 0009', 'GU?A DOBLE DE BROCA 2.5MM/3.5MM ', '123', 'UNIDAD', 10, 30, 1, 1, 'ACTIVO', 0, '15/06/2016', 0, ''),
(1389, 1, 1030570356, 1, 6, '01 1200 0054', 'GU?A DE BROCA CENTRICA Y EXCENTRICA 2.5MM ', '123', 'UNIDAD', 10, 30, 1, 1, 'ACTIVO', 0, '15/06/2016', 0, ''),
(1390, 1, 1030570356, 1, 6, '01 1050 0002', 'BROCA 2.5 ', '123', 'UNIDAD', 10, 30, 1, 1, 'ACTIVO', 0, '15/06/2016', 0, ''),
(1391, 1, 1030570356, 1, 6, '01 1050 0006', 'TARRAJA 3.5MM ', '123', 'UNIDAD', 10, 30, 1, 1, 'ACTIVO', 0, '15/06/2016', 0, ''),
(1392, 1, 1030570356, 1, 6, '01 1050 0032', 'BROCA CALIBRADA 2.5 DRILL ', '123', 'UNIDAD', 10, 30, 1, 1, 'ACTIVO', 0, '15/06/2016', 0, ''),
(1393, 1, 1030570356, 1, 6, '01 1200 0072', 'MEDIDOR DE PROFUNDIDAD 3.5MM', '123', 'UNIDAD', 10, 30, 1, 1, 'ACTIVO', 0, '15/06/2016', 0, ''),
(1394, 1, 1030570356, 1, 3, '00 0903 2510', 'TORNILLO CORTICAL 3.5MM AUTOPERFORANTE T15 HEXALOBE, X 10MM', '123', 'UNIDAD', 10, 30, 1, 1, 'ACTIVO', 0, '15/06/2016', 0, ''),
(1395, 1, 1030570356, 1, 3, '00 0903 2512', 'TORNILLO CORTICAL 3.5MM AUTOPERFORANTE T15 HEXALOBE, X 12MM', '123', 'UNIDAD', 10, 30, 1, 1, 'ACTIVO', 0, '15/06/2016', 0, ''),
(1396, 1, 1030570356, 1, 3, '00 0903 2514', 'TORNILLO CORTICAL 3.5MM AUTOPERFORANTE T15 HEXALOBE, X 14MM', '123', 'UNIDAD', 10, 30, 1, 1, 'ACTIVO', 0, '15/06/2016', 0, ''),
(1397, 1, 1030570356, 1, 3, '00 0903 2516', 'TORNILLO CORTICAL 3.5MM AUTOPERFORANTE T15 HEXALOBE, X 16MM', '123', 'UNIDAD', 10, 30, 1, 1, 'ACTIVO', 0, '15/06/2016', 0, ''),
(1398, 1, 1030570356, 1, 3, '00 0903 2518', 'TORNILLO CORTICAL 3.5MM AUTOPERFORANTE T15 HEXALOBE, X 18MM', '123', 'UNIDAD', 10, 30, 1, 1, 'ACTIVO', 0, '15/06/2016', 0, ''),
(1399, 1, 1030570356, 1, 3, '00 0903 2520', 'TORNILLO CORTICAL 3.5MM AUTOPERFORANTE T15 HEXALOBE, X 20MM', '123', 'UNIDAD', 10, 30, 1, 1, 'ACTIVO', 0, '15/06/2016', 0, ''),
(1400, 1, 1030570356, 1, 3, '00 0903 2522', 'TORNILLO CORTICAL 3.5MM AUTOPERFORANTE T15 HEXALOBE, X 22MM', '123', 'UNIDAD', 10, 30, 1, 1, 'ACTIVO', 0, '15/06/2016', 0, ''),
(1401, 1, 1030570356, 1, 3, '00 0903 2524', 'TORNILLO CORTICAL 3.5MM AUTOPERFORANTE T15 HEXALOBE, X 24MM', '123', 'UNIDAD', 10, 30, 1, 1, 'ACTIVO', 0, '15/06/2016', 0, ''),
(1402, 1, 1030570356, 1, 3, '00 0903 2526', 'TORNILLO CORTICAL 3.5MM AUTOPERFORANTE T15 HEXALOBE, X 26MM', '123', 'UNIDAD', 10, 30, 1, 1, 'ACTIVO', 0, '15/06/2016', 0, ''),
(1403, 1, 1030570356, 1, 3, '00 0903 2528', 'TORNILLO CORTICAL 3.5MM AUTOPERFORANTE T15 HEXALOBE, X 28MM', '123', 'UNIDAD', 10, 30, 1, 1, 'ACTIVO', 0, '15/06/2016', 0, ''),
(1404, 1, 1030570356, 1, 3, '00 0903 2530', 'TORNILLO CORTICAL 3.5MM AUTOPERFORANTE T15 HEXALOBE, X 30MM', '123', 'UNIDAD', 10, 30, 1, 1, 'ACTIVO', 0, '15/06/2016', 0, ''),
(1405, 1, 1030570356, 1, 3, '00 0903 2610', 'TORNILLO CORTICAL BLOQUEADO 3.5MM ROSCA COMPLETA T15 HEXALOBE X 10MM', '123', 'UNIDAD', 10, 30, 1, 1, 'ACTIVO', 0, '15/06/2016', 0, ''),
(1406, 1, 1030570356, 1, 3, '00 0903 2612', 'TORNILLO CORTICAL BLOQUEADO 3.5MM ROSCA COMPLETA T15 HEXALOBE X 12MM', '123', 'UNIDAD', 10, 30, 1, 1, 'ACTIVO', 0, '15/06/2016', 0, ''),
(1407, 1, 1030570356, 1, 3, '00 0903 2614', 'TORNILLO CORTICAL BLOQUEADO 3.5MM ROSCA COMPLETA T15 HEXALOBE X 14MM', '123', 'UNIDAD', 10, 30, 1, 1, 'ACTIVO', 0, '15/06/2016', 0, ''),
(1408, 1, 1030570356, 1, 3, '00 0903 2616', 'TORNILLO CORTICAL BLOQUEADO 3.5MM ROSCA COMPLETA T15 HEXALOBE X 16MM', '123', 'UNIDAD', 10, 30, 1, 1, 'ACTIVO', 0, '15/06/2016', 0, ''),
(1409, 1, 1030570356, 1, 3, '00 0903 2618', 'TORNILLO CORTICAL BLOQUEADO 3.5MM ROSCA COMPLETA T15 HEXALOBE X 18MM', '123', 'UNIDAD', 10, 30, 1, 1, 'ACTIVO', 0, '15/06/2016', 0, ''),
(1410, 1, 1030570356, 1, 3, '00 0903 2620', 'TORNILLO CORTICAL BLOQUEADO 3.5MM ROSCA COMPLETA T15 HEXALOBE X 20MM', '123', 'UNIDAD', 10, 30, 1, 1, 'ACTIVO', 0, '15/06/2016', 0, ''),
(1411, 1, 1030570356, 1, 3, '00 0903 2622', 'TORNILLO CORTICAL BLOQUEADO 3.5MM ROSCA COMPLETA T15 HEXALOBE X 22MM', '123', 'UNIDAD', 10, 30, 1, 1, 'ACTIVO', 0, '15/06/2016', 0, '');
INSERT INTO `inventario` (`idinventario`, `idbodega`, `ncedula`, `idmarcas`, `idlineas`, `referencia`, `descripcion`, `numerolote`, `tipopresentacion`, `stockminimo`, `stockmaximo`, `precio`, `costo`, `estado`, `saldo`, `fechadevencimiento`, `iva`, `fechamodificado`) VALUES
(1412, 1, 1030570356, 1, 3, '00 0903 2624', 'TORNILLO CORTICAL BLOQUEADO 3.5MM ROSCA COMPLETA T15 HEXALOBE X 24MM', '123', 'UNIDAD', 10, 30, 1, 1, 'ACTIVO', 0, '15/06/2016', 0, ''),
(1413, 1, 1030570356, 1, 3, '00 0903 2626', 'TORNILLO CORTICAL BLOQUEADO 3.5MM ROSCA COMPLETA T15 HEXALOBE X 26MM', '123', 'UNIDAD', 10, 30, 1, 1, 'ACTIVO', 0, '15/06/2016', 0, ''),
(1414, 1, 1030570356, 1, 3, '00 0903 2628', 'TORNILLO CORTICAL BLOQUEADO 3.5MM ROSCA COMPLETA T15 HEXALOBE X 28MM', '123', 'UNIDAD', 10, 30, 1, 1, 'ACTIVO', 0, '15/06/2016', 0, ''),
(1415, 1, 1030570356, 1, 3, '00 0903 2630', 'TORNILLO CORTICAL BLOQUEADO 3.5MM ROSCA COMPLETA T15 HEXALOBE X 30MM', '123', 'UNIDAD', 10, 30, 1, 1, 'ACTIVO', 0, '15/06/2016', 0, ''),
(1416, 1, 1030570356, 1, 3, '00 0903 2635', 'TORNILLO CORTICAL BLOQUEADO 3.5MM ROSCA COMPLETA T15 HEXALOBE X 35MM', '123', 'UNIDAD', 10, 30, 1, 1, 'ACTIVO', 0, '15/06/2016', 0, ''),
(1417, 1, 1030570356, 1, 3, '00 0903 2640', 'TORNILLO CORTICAL BLOQUEADO 3.5MM ROSCA COMPLETA T15 HEXALOBE X 40MM', '123', 'UNIDAD', 10, 30, 1, 1, 'ACTIVO', 0, '15/06/2016', 0, ''),
(1418, 1, 1030570356, 1, 3, '00 0903 2645', 'TORNILLO CORTICAL BLOQUEADO 3.5MM ROSCA COMPLETA T15 HEXALOBE X 45MM', '123', 'UNIDAD', 10, 30, 1, 1, 'ACTIVO', 0, '15/06/2016', 0, ''),
(1419, 1, 1030570356, 1, 3, '00 0903 2650', 'TORNILLO CORTICAL BLOQUEADO 3.5MM ROSCA COMPLETA T15 HEXALOBE X 50MM', '123', 'UNIDAD', 10, 30, 1, 1, 'ACTIVO', 0, '15/06/2016', 0, ''),
(1420, 1, 1030570356, 1, 3, '00 0903 2655', 'TORNILLO CORTICAL BLOQUEADO 3.5MM ROSCA COMPLETA T15 HEXALOBE X 55MM', '123', 'UNIDAD', 10, 30, 1, 1, 'ACTIVO', 0, '15/06/2016', 0, ''),
(1421, 1, 1030570356, 1, 3, '00 0903 2660', 'TORNILLO CORTICAL BLOQUEADO 3.5MM ROSCA COMPLETA T15 HEXALOBE X 60MM', '123', 'UNIDAD', 10, 30, 1, 1, 'ACTIVO', 0, '15/06/2016', 0, ''),
(1422, 1, 1030570356, 1, 6, '01 0999 1000', 'TAPA CONTENEDOR INSTRUMENTAL SISTEMA PLACA CANULADA 3.5', '123', 'UNIDAD', 10, 30, 1, 1, 'ACTIVO', 0, '15/06/2016', 0, ''),
(1423, 1, 1030570356, 1, 6, '01 1200 3101', 'BANDEJA INSTRUMENTAL SISTEMA PLACA CANULADA 3.5', '123', 'UNIDAD', 10, 30, 1, 1, 'ACTIVO', 0, '15/06/2016', 0, ''),
(1424, 1, 1030570356, 1, 6, '01 1200 3102', 'BASE CONTENEDOR SISTEMA PLACA CANULADA 3.5', '123', 'UNIDAD', 10, 30, 1, 1, 'ACTIVO', 0, '15/06/2016', 0, ''),
(1425, 1, 1030570356, 1, 2, '00 1200 2000', 'PLACA INFANTE 90? HOJA CANULADA 25MM X 5MM X 2 HOLE', '123', 'UNIDAD', 10, 30, 1, 1, 'ACTIVO', 0, '15/06/2016', 0, ''),
(1426, 1, 1030570356, 1, 2, '00 1200 2001', 'PLACA INFANTE 90? HOJA CANULADA 30MM X 5MM X 2 HOLE', '123', 'UNIDAD', 10, 30, 1, 1, 'ACTIVO', 0, '15/06/2016', 0, ''),
(1427, 1, 1030570356, 1, 2, '00 1200 2002', 'PLACA INFANTE 90? HOJA CANULADA 35MM X 5MM X 2 HOLE', '123', 'UNIDAD', 10, 30, 1, 1, 'ACTIVO', 0, '15/06/2016', 0, ''),
(1428, 1, 1030570356, 1, 2, '00 1200 3500', 'PLACA NI?O 90? HOJA CANULADA 25MM X 6MM X 3 HOLE', '123', 'UNIDAD', 10, 30, 1, 1, 'ACTIVO', 0, '15/06/2016', 0, ''),
(1429, 1, 1030570356, 1, 2, '00 1200 3501', 'PLACA NI?O 90? HOJA CANULADA 30MM X 6MM X 3 HOLE', '123', 'UNIDAD', 10, 30, 1, 1, 'ACTIVO', 0, '15/06/2016', 0, ''),
(1430, 1, 1030570356, 1, 2, '00 1200 3502', 'PLACA NI?O 90? HOJA CANULADA 35MM X 6MM X 3 HOLE', '123', 'UNIDAD', 10, 30, 1, 1, 'ACTIVO', 0, '15/06/2016', 0, ''),
(1431, 1, 1030570356, 1, 2, '00 1200 3503', 'PLACA NI?O 90? HOJA CANULADA 40MM X 6MM X 3 HOLE', '123', 'UNIDAD', 10, 30, 1, 1, 'ACTIVO', 0, '15/06/2016', 0, ''),
(1432, 1, 1030570356, 1, 2, '00 1200 3504', 'PLACA NI?O 90? HOJA CANULADA 45MM X 6MM X 3 HOLE', '123', 'UNIDAD', 10, 30, 1, 1, 'ACTIVO', 0, '15/06/2016', 0, ''),
(1433, 1, 1030570356, 1, 2, '00 1200 3505', 'PLACA NI?O 90? HOJA CANULADA 50MM X 6MM X 3 HOLE', '123', 'UNIDAD', 10, 30, 1, 1, 'ACTIVO', 0, '15/06/2016', 0, ''),
(1434, 1, 1030570356, 1, 2, '00 1200 3506', 'PLACA NI?O 90? HOJA CANULADA 25MM X 10MM X 3 HOLE', '123', 'UNIDAD', 10, 30, 1, 1, 'ACTIVO', 0, '15/06/2016', 0, ''),
(1435, 1, 1030570356, 1, 2, '00 1200 3507', 'PLACA NI?O 90? HOJA CANULADA 30MM X 10MM X 3 HOLE', '123', 'UNIDAD', 10, 30, 1, 1, 'ACTIVO', 0, '15/06/2016', 0, ''),
(1436, 1, 1030570356, 1, 2, '00 1200 3508', 'PLACA NI?O 90? HOJA CANULADA 35MM X 10MM X 3 HOLE', '123', 'UNIDAD', 10, 30, 1, 1, 'ACTIVO', 0, '15/06/2016', 0, ''),
(1437, 1, 1030570356, 1, 2, '00 1200 3509', 'PLACA NI?O 90? HOJA CANULADA 40MM X 10MM X 3 HOLE', '123', 'UNIDAD', 10, 30, 1, 1, 'ACTIVO', 0, '15/06/2016', 0, ''),
(1438, 1, 1030570356, 1, 2, '00 1200 3510', 'PLACA NI?O 90? HOJA CANULADA 45MM X 10MM X 3 HOLE', '123', 'UNIDAD', 10, 30, 1, 1, 'ACTIVO', 0, '15/06/2016', 0, ''),
(1439, 1, 1030570356, 1, 2, '00 1200 3511', 'PLACA NI?O 90? HOJA CANULADA 50MM X 10MM X 3 HOLE', '123', 'UNIDAD', 10, 30, 1, 1, 'ACTIVO', 0, '15/06/2016', 0, ''),
(1440, 1, 1030570356, 1, 6, '01 0999 1000', 'TAPA CONTENEDOR', '123', 'UNIDAD', 10, 30, 1, 1, 'ACTIVO', 0, '15/06/2016', 0, ''),
(1441, 1, 1030570356, 1, 6, '01 1200 4101', 'BASE CONTENEDOR IMPLANTES SISTEMA PLACA BLOQUEADA HOJA CANULADA INFANTES/NI?OS', '123', 'UNIDAD', 10, 30, 1, 1, 'ACTIVO', 0, '15/06/2016', 0, ''),
(1442, 1, 1030570356, 1, 2, '00 1200 4000', 'PLACA NI?O 100? HOJA CANULADA 25MM X 6MM X 3 ORIFICIOS', '123', 'UNIDAD', 10, 30, 1, 1, 'ACTIVO', 0, '15/06/2016', 0, ''),
(1443, 1, 1030570356, 1, 2, '00 1200 4001', 'PLACA NI?O 100? HOJA CANULADA 30MM X 6MM X 3 ORIFICIOS', '123', 'UNIDAD', 10, 30, 1, 1, 'ACTIVO', 0, '15/06/2016', 0, ''),
(1444, 1, 1030570356, 1, 2, '00 1200 4002', 'PLACA NI?O 100? HOJA CANULADA 35MM X 6MM X 3 ORIFICIOS', '123', 'UNIDAD', 10, 30, 1, 1, 'ACTIVO', 0, '15/06/2016', 0, ''),
(1445, 1, 1030570356, 1, 2, '00 1200 4003', 'PLACA NI?O 100? HOJA CANULADA 40MM X 6MM X 3 ORIFICIOS', '123', 'UNIDAD', 10, 30, 1, 1, 'ACTIVO', 0, '15/06/2016', 0, ''),
(1446, 1, 1030570356, 1, 2, '00 1200 4004', 'PLACA NI?O 100? HOJA CANULADA 45MM X 6MM X 3 ORIFICIOS', '123', 'UNIDAD', 10, 30, 1, 1, 'ACTIVO', 0, '15/06/2016', 0, ''),
(1447, 1, 1030570356, 1, 2, '00 1200 4005', 'PLACA NI?O 100? HOJA CANULADA 50MM X 6MM X 3 ORIFICIOS', '123', 'UNIDAD', 10, 30, 1, 1, 'ACTIVO', 0, '15/06/2016', 0, ''),
(1448, 1, 1030570356, 1, 2, '00 1200 5000', 'PLACA NI?O 130? HOJA CANULADA 40MM 0MM X 4 ORIFICIOS', '123', 'UNIDAD', 10, 30, 1, 1, 'ACTIVO', 0, '15/06/2016', 0, ''),
(1449, 1, 1030570356, 1, 2, '00 1200 5001', 'PLACA NI?O 130? HOJA CANULADA 45MM 0MM X 4 ORIFICIOS', '123', 'UNIDAD', 10, 30, 1, 1, 'ACTIVO', 0, '15/06/2016', 0, ''),
(1450, 1, 1030570356, 1, 2, '00 1200 5002', 'PLACA NI?O 130? HOJA CANULADA 50MM 0MM X 4 ORIFICIOS', '123', 'UNIDAD', 10, 30, 1, 1, 'ACTIVO', 0, '15/06/2016', 0, ''),
(1451, 1, 1030570356, 1, 2, '00 1200 5003', 'PLACA NI?O 130? HOJA CANULADA 55MM 0MM X 4 ORIFICIOS', '123', 'UNIDAD', 10, 30, 1, 1, 'ACTIVO', 0, '15/06/2016', 0, ''),
(1452, 1, 1030570356, 1, 2, '00 1200 5004', 'PLACA NI?O 130? HOJA CANULADA 60MM 0MM X 4 ORIFICIOS', '123', 'UNIDAD', 10, 30, 1, 1, 'ACTIVO', 0, '15/06/2016', 0, ''),
(1453, 1, 1030570356, 1, 6, '00 1200 2107', 'TAPA CONTENEDOR TORNILLOS 3.5', '123', 'UNIDAD', 10, 30, 1, 1, 'ACTIVO', 0, '15/06/2016', 0, ''),
(1454, 1, 1030570356, 1, 6, '00 1200 2108', 'CONTENEDOR TORNILLOS 3.5', '123', 'UNIDAD', 10, 30, 1, 1, 'ACTIVO', 0, '15/06/2016', 0, ''),
(1455, 1, 1030570356, 1, 6, '01 1200 0060', 'ESPATULA ESPACIADORA ADOLESCENTE', '123', 'UNIDAD', 10, 30, 1, 1, 'ACTIVO', 0, '15/06/2016', 0, ''),
(1456, 1, 1030570356, 1, 6, '01 1000 016', 'MARTILLO S?LIDO', '123', 'UNIDAD', 10, 30, 1, 1, 'ACTIVO', 0, '15/06/2016', 0, ''),
(1457, 1, 1030570356, 1, 6, '01 1200 0025', 'MARTILLO DESLIZANTE GRANDE', '123', 'UNIDAD', 10, 30, 1, 1, 'ACTIVO', 0, '15/06/2016', 0, ''),
(1458, 1, 1030570356, 1, 6, '01 1200 0008', 'CICEL ADOLESCENTE (ESCOPLO)', '123', 'UNIDAD', 10, 30, 1, 1, 'ACTIVO', 0, '15/06/2016', 0, ''),
(1459, 1, 1030570356, 1, 6, '01 1200 0026', 'TENEDOR EXTRACTOR (DIAPAZON)', '123', 'UNIDAD', 10, 30, 1, 1, 'ACTIVO', 0, '15/06/2016', 0, ''),
(1460, 1, 1030570356, 1, 6, '01 1010 003', 'CEPILLO DE LIMPIEZA 1.75 MM ', '123', 'UNIDAD', 10, 30, 1, 1, 'ACTIVO', 0, '15/06/2016', 0, ''),
(1461, 1, 1030570356, 1, 6, '01 1010 004', 'ESTILETE DE LIMPIEZA 1.6 MM ', '123', 'UNIDAD', 10, 30, 1, 1, 'ACTIVO', 0, '15/06/2016', 0, ''),
(1462, 1, 1030570356, 1, 6, '01 1200 0050', 'GU?A PUNTA ROSCADA 2.4MM ', '123', 'UNIDAD', 10, 30, 1, 1, 'ACTIVO', 0, '15/06/2016', 0, ''),
(1463, 1, 1030570356, 1, 6, '01 1200 0003', 'CONTROLADOR DE INSERCION 4.5 CINCEL GU?A', '123', 'UNIDAD', 10, 30, 1, 1, 'ACTIVO', 0, '15/06/2016', 0, ''),
(1464, 1, 1030570356, 1, 6, '01 1200 0071', 'POSICIONADOR TRIANGULAR, 100-60-20 GRADOS', '123', 'UNIDAD', 10, 30, 1, 1, 'ACTIVO', 0, '15/06/2016', 0, ''),
(1465, 1, 1030570356, 1, 6, '01 1200 0069', 'POSICIONADOR TRIANGULAR, 90-40-50 GRADOS', '123', 'UNIDAD', 10, 30, 1, 1, 'ACTIVO', 0, '15/06/2016', 0, ''),
(1466, 1, 1030570356, 1, 6, '01 1200 0070', 'POSICIONADOR TRIANGULAR, 80-70-30 GRADOS', '123', 'UNIDAD', 10, 30, 1, 1, 'ACTIVO', 0, '15/06/2016', 0, ''),
(1467, 1, 1030570356, 1, 6, '01 1200 0013', 'GU?A DE ANGULO AJUSTABLE 2.4 ', '123', 'UNIDAD', 10, 30, 1, 1, 'ACTIVO', 0, '15/06/2016', 0, ''),
(1468, 1, 1030570356, 1, 6, '01 1200 0047', 'LLAVE INGLESA', '123', 'UNIDAD', 10, 30, 1, 1, 'ACTIVO', 0, '15/06/2016', 0, ''),
(1469, 1, 1030570356, 1, 6, '01 1200 0028', 'CLAMP EXTRACTOR ', '123', 'UNIDAD', 10, 30, 1, 1, 'ACTIVO', 0, '15/06/2016', 0, ''),
(1470, 1, 1030570356, 1, 6, '01 1200 0062', 'DOBLADORA DERECHA', '123', 'UNIDAD', 10, 30, 1, 1, 'ACTIVO', 0, '15/06/2016', 0, ''),
(1471, 1, 1030570356, 1, 6, '01 1200 0064', 'DOBLADORA IZQUIERDA', '123', 'UNIDAD', 10, 30, 1, 1, 'ACTIVO', 0, '15/06/2016', 0, ''),
(1472, 1, 1030570356, 1, 6, '01 1200 0065', 'ATORNILLADOR T20 HEXALOBE', '123', 'UNIDAD', 10, 30, 1, 1, 'ACTIVO', 0, '15/06/2016', 0, ''),
(1473, 1, 1030570356, 1, 6, '01 1010 001', 'MANGO EN T AO QUICK ANCLAJE R?PIDO', '123', 'UNIDAD', 10, 30, 1, 1, 'ACTIVO', 0, '15/06/2016', 0, ''),
(1474, 1, 1030570356, 1, 6, '01 1030 001', 'MANGO SILICONA AO ANCLAJE R?PIDO', '123', 'UNIDAD', 10, 30, 1, 1, 'ACTIVO', 0, '15/06/2016', 0, ''),
(1475, 1, 1030570356, 1, 6, '01 1200 0011', 'INSERTOR ROSCADO PLACA ADOLESCENTE', '123', 'UNIDAD', 10, 30, 1, 1, 'ACTIVO', 0, '15/06/2016', 0, ''),
(1476, 1, 1030570356, 1, 6, '01 1200 0058', 'CLAMP GRANDE PARA HUESO', '123', 'UNIDAD', 10, 30, 1, 1, 'ACTIVO', 0, '15/06/2016', 0, ''),
(1477, 1, 1030570356, 1, 6, '01 1200 0042', 'GU?A DE BROCA 3.2MM ROSCADA', '123', 'UNIDAD', 10, 30, 1, 1, 'ACTIVO', 0, '15/06/2016', 0, ''),
(1478, 1, 1030570356, 1, 6, '01 1200 0056', 'GU?A DOBLE DE BROCA 4.5MM/3.2MM', '123', 'UNIDAD', 10, 30, 1, 1, 'ACTIVO', 0, '15/06/2016', 0, ''),
(1479, 1, 1030570356, 1, 6, '01 1200 0055', 'GU?A DE BROCA C?NTRICA Y EXCENTRICA 4.5MM ', '123', 'UNIDAD', 10, 30, 1, 1, 'ACTIVO', 0, '15/06/2016', 0, ''),
(1480, 1, 1030570356, 1, 6, '01 1200 0051', 'BROCA 3.2 ', '123', 'UNIDAD', 10, 30, 1, 1, 'ACTIVO', 0, '15/06/2016', 0, ''),
(1481, 1, 1030570356, 1, 6, '01 1200 0052', 'TARRAJA 4.5 ', '123', 'UNIDAD', 10, 30, 1, 1, 'ACTIVO', 0, '15/06/2016', 0, ''),
(1482, 1, 1030570356, 1, 6, '01 1200 0041', 'BROCA 3.2 CALIBRADA', '123', 'UNIDAD', 10, 30, 1, 1, 'ACTIVO', 0, '15/06/2016', 0, ''),
(1483, 1, 1030570356, 1, 6, '01 1200 0073', 'MEDIDOR DE PROFUNDIDAD 4.5MM ', '123', 'UNIDAD', 10, 30, 1, 1, 'ACTIVO', 0, '15/06/2016', 0, ''),
(1484, 1, 1030570356, 1, 3, '00 0907 4510', 'TORNILLO CORTICAL NO BLOQUEADO 4.5MM ROSCA COMPLETA X 10MM, T20 HEXALOBE', '123', 'UNIDAD', 10, 30, 1, 1, 'ACTIVO', 0, '15/06/2016', 0, ''),
(1485, 1, 1030570356, 1, 3, '00 0907 4512', 'TORNILLO CORTICAL NO BLOQUEADO 4.5MM ROSCA COMPLETA X 12MM, T20 HEXALOBE', '123', 'UNIDAD', 10, 30, 1, 1, 'ACTIVO', 0, '15/06/2016', 0, ''),
(1486, 1, 1030570356, 1, 3, '00 0907 4514', 'TORNILLO CORTICAL NO BLOQUEADO 4.5MM ROSCA COMPLETA X 14MM, T20 HEXALOBE', '123', 'UNIDAD', 10, 30, 1, 1, 'ACTIVO', 0, '15/06/2016', 0, ''),
(1487, 1, 1030570356, 1, 3, '00 0907 4516', 'TORNILLO CORTICAL NO BLOQUEADO 4.5MM ROSCA COMPLETA X 16MM, T20 HEXALOBE', '123', 'UNIDAD', 10, 30, 1, 1, 'ACTIVO', 0, '15/06/2016', 0, ''),
(1488, 1, 1030570356, 1, 3, '00 0907 4518', 'TORNILLO CORTICAL NO BLOQUEADO 4.5MM ROSCA COMPLETA X 18MM, T20 HEXALOBE', '123', 'UNIDAD', 10, 30, 1, 1, 'ACTIVO', 0, '15/06/2016', 0, ''),
(1489, 1, 1030570356, 1, 3, '00 0907 4520', 'TORNILLO CORTICAL NO BLOQUEADO 4.5MM ROSCA COMPLETA X 20MM, T20 HEXALOBE', '123', 'UNIDAD', 10, 30, 1, 1, 'ACTIVO', 0, '15/06/2016', 0, ''),
(1490, 1, 1030570356, 1, 3, '00 0907 4522', 'TORNILLO CORTICAL NO BLOQUEADO 4.5MM ROSCA COMPLETA X 22MM, T20 HEXALOBE', '123', 'UNIDAD', 10, 30, 1, 1, 'ACTIVO', 0, '15/06/2016', 0, ''),
(1491, 1, 1030570356, 1, 3, '00 0907 4524', 'TORNILLO CORTICAL NO BLOQUEADO 4.5MM ROSCA COMPLETA X 24MM, T20 HEXALOBE', '123', 'UNIDAD', 10, 30, 1, 1, 'ACTIVO', 0, '15/06/2016', 0, ''),
(1492, 1, 1030570356, 1, 3, '00 0907 4526', 'TORNILLO CORTICAL NO BLOQUEADO 4.5MM ROSCA COMPLETA X 26MM, T20 HEXALOBE', '123', 'UNIDAD', 10, 30, 1, 1, 'ACTIVO', 0, '15/06/2016', 0, ''),
(1493, 1, 1030570356, 1, 3, '00 0907 4528', 'TORNILLO CORTICAL NO BLOQUEADO 4.5MM ROSCA COMPLETA X 28MM, T20 HEXALOBE', '123', 'UNIDAD', 10, 30, 1, 1, 'ACTIVO', 0, '15/06/2016', 0, ''),
(1494, 1, 1030570356, 1, 3, '00 0907 4530', 'TORNILLO CORTICAL NO BLOQUEADO 4.5MM ROSCA COMPLETA X 30MM, T20 HEXALOBE', '123', 'UNIDAD', 10, 30, 1, 1, 'ACTIVO', 0, '15/06/2016', 0, ''),
(1495, 1, 1030570356, 1, 3, '00 0907 4532', 'TORNILLO CORTICAL NO BLOQUEADO 4.5MM ROSCA COMPLETA X 32MM, T20 HEXALOBE', '123', 'UNIDAD', 10, 30, 1, 1, 'ACTIVO', 0, '15/06/2016', 0, ''),
(1496, 1, 1030570356, 1, 3, '00 0907 4534', 'TORNILLO CORTICAL NO BLOQUEADO 4.5MM ROSCA COMPLETA X 34MM, T20 HEXALOBE', '123', 'UNIDAD', 10, 30, 1, 1, 'ACTIVO', 0, '15/06/2016', 0, ''),
(1497, 1, 1030570356, 1, 3, '00 0907 4536', 'TORNILLO CORTICAL NO BLOQUEADO 4.5MM ROSCA COMPLETA X 36MM, T20 HEXALOBE', '123', 'UNIDAD', 10, 30, 1, 1, 'ACTIVO', 0, '15/06/2016', 0, ''),
(1498, 1, 1030570356, 1, 3, '00 0907 4538', 'TORNILLO CORTICAL NO BLOQUEADO 4.5MM ROSCA COMPLETA X 38MM, T20 HEXALOBE', '123', 'UNIDAD', 10, 30, 1, 1, 'ACTIVO', 0, '15/06/2016', 0, ''),
(1499, 1, 1030570356, 1, 3, '00 0907 4540', 'TORNILLO CORTICAL NO BLOQUEADO 4.5MM ROSCA COMPLETA X 40MM, T20 HEXALOBE', '123', 'UNIDAD', 10, 30, 1, 1, 'ACTIVO', 0, '15/06/2016', 0, ''),
(1500, 1, 1030570356, 1, 3, '00 0907 4610', 'TORNILLO CORTICAL BLOQUEADO 4.5MM ROSCA COMPLETA X 10MM, T20 HEXALOBE', '123', 'UNIDAD', 10, 30, 1, 1, 'ACTIVO', 0, '15/06/2016', 0, ''),
(1501, 1, 1030570356, 1, 3, '00 0907 4612', 'TORNILLO CORTICAL BLOQUEADO 4.5MM ROSCA COMPLETA X 12MM, T20 HEXALOBE', '123', 'UNIDAD', 10, 30, 1, 1, 'ACTIVO', 0, '15/06/2016', 0, ''),
(1502, 1, 1030570356, 1, 3, '00 0907 4614', 'TORNILLO CORTICAL BLOQUEADO 4.5MM ROSCA COMPLETA X 14MM, T20 HEXALOBE', '123', 'UNIDAD', 10, 30, 1, 1, 'ACTIVO', 0, '15/06/2016', 0, ''),
(1503, 1, 1030570356, 1, 3, '00 0907 4616', 'TORNILLO CORTICAL BLOQUEADO 4.5MM ROSCA COMPLETA X 16MM, T20 HEXALOBE', '123', 'UNIDAD', 10, 30, 1, 1, 'ACTIVO', 0, '15/06/2016', 0, ''),
(1504, 1, 1030570356, 1, 3, '00 0907 4618', 'TORNILLO CORTICAL BLOQUEADO 4.5MM ROSCA COMPLETA X 18MM, T20 HEXALOBE', '123', 'UNIDAD', 10, 30, 1, 1, 'ACTIVO', 0, '15/06/2016', 0, ''),
(1505, 1, 1030570356, 1, 3, '00 0907 4620', 'TORNILLO CORTICAL BLOQUEADO 4.5MM ROSCA COMPLETA X 20MM, T20 HEXALOBE', '123', 'UNIDAD', 10, 30, 1, 1, 'ACTIVO', 0, '15/06/2016', 0, ''),
(1506, 1, 1030570356, 1, 3, '00 0907 4622', 'TORNILLO CORTICAL BLOQUEADO 4.5MM ROSCA COMPLETA X 22MM, T20 HEXALOBE', '123', 'UNIDAD', 10, 30, 1, 1, 'ACTIVO', 0, '15/06/2016', 0, ''),
(1507, 1, 1030570356, 1, 3, '00 0907 4624', 'TORNILLO CORTICAL BLOQUEADO 4.5MM ROSCA COMPLETA X 24MM, T20 HEXALOBE', '123', 'UNIDAD', 10, 30, 1, 1, 'ACTIVO', 0, '15/06/2016', 0, ''),
(1508, 1, 1030570356, 1, 3, '00 0907 4626', 'TORNILLO CORTICAL BLOQUEADO 4.5MM ROSCA COMPLETA X 26MM, T20 HEXALOBE', '123', 'UNIDAD', 10, 30, 1, 1, 'ACTIVO', 0, '15/06/2016', 0, ''),
(1509, 1, 1030570356, 1, 3, '00 0907 4628', 'TORNILLO CORTICAL BLOQUEADO 4.5MM ROSCA COMPLETA X 28MM, T20 HEXALOBE', '123', 'UNIDAD', 10, 30, 1, 1, 'ACTIVO', 0, '15/06/2016', 0, ''),
(1510, 1, 1030570356, 1, 3, '00 0907 4630', 'TORNILLO CORTICAL BLOQUEADO 4.5MM ROSCA COMPLETA X 30MM, T20 HEXALOBE', '123', 'UNIDAD', 10, 30, 1, 1, 'ACTIVO', 0, '15/06/2016', 0, ''),
(1511, 1, 1030570356, 1, 3, '00 0907 4632', 'TORNILLO CORTICAL BLOQUEADO 4.5MM ROSCA COMPLETA X 32MM, T20 HEXALOBE', '123', 'UNIDAD', 10, 30, 1, 1, 'ACTIVO', 0, '15/06/2016', 0, ''),
(1512, 1, 1030570356, 1, 3, '00 0907 4634', 'TORNILLO CORTICAL BLOQUEADO 4.5MM T20 HEXALOBE, X 34MM', '123', 'UNIDAD', 10, 30, 1, 1, 'ACTIVO', 0, '15/06/2016', 0, ''),
(1513, 1, 1030570356, 1, 3, '00 0907 4636', 'TORNILLO CORTICAL BLOQUEADO 4.5MM T20 HEXALOBE, X 36MM', '123', 'UNIDAD', 10, 30, 1, 1, 'ACTIVO', 0, '15/06/2016', 0, ''),
(1514, 1, 1030570356, 1, 3, '00 0907 4638', 'TORNILLO CORTICAL BLOQUEADO 4.5MM T20 HEXALOBE, X 38MM', '123', 'UNIDAD', 10, 30, 1, 1, 'ACTIVO', 0, '15/06/2016', 0, ''),
(1515, 1, 1030570356, 1, 3, '00 0907 4640', 'TORNILLO CORTICAL BLOQUEADO 4.5MM T20 HEXALOBE, X 40MM', '123', 'UNIDAD', 10, 30, 1, 1, 'ACTIVO', 0, '15/06/2016', 0, ''),
(1516, 1, 1030570356, 1, 3, '00 0907 4645', 'TORNILLO CORTICAL BLOQUEADO 4.5MM T20 HEXALOBE, X 45MM', '123', 'UNIDAD', 10, 30, 1, 1, 'ACTIVO', 0, '15/06/2016', 0, ''),
(1517, 1, 1030570356, 1, 3, '00 0907 4650', 'TORNILLO CORTICAL BLOQUEADO 4.5MM T20 HEXALOBE, X 50MM', '123', 'UNIDAD', 10, 30, 1, 1, 'ACTIVO', 0, '15/06/2016', 0, ''),
(1518, 1, 1030570356, 1, 3, '00 0907 4655', 'TORNILLO CORTICAL BLOQUEADO 4.5MM T20 HEXALOBE, X 55MM', '123', 'UNIDAD', 10, 30, 1, 1, 'ACTIVO', 0, '15/06/2016', 0, ''),
(1519, 1, 1030570356, 1, 3, '00 0907 4660', 'TORNILLO CORTICAL BLOQUEADO 4.5MM T20 HEXALOBE, X 60MM', '123', 'UNIDAD', 10, 30, 1, 1, 'ACTIVO', 0, '15/06/2016', 0, ''),
(1520, 1, 1030570356, 1, 3, '00 0907 4665', 'TORNILLO CORTICAL BLOQUEADO 4.5MM T20 HEXALOBE, X 65MM', '123', 'UNIDAD', 10, 30, 1, 1, 'ACTIVO', 0, '15/06/2016', 0, ''),
(1521, 1, 1030570356, 1, 3, '00 0907 4670', 'TORNILLO CORTICAL BLOQUEADO 4.5MM T20 HEXALOBE, X 70MM', '123', 'UNIDAD', 10, 30, 1, 1, 'ACTIVO', 0, '15/06/2016', 0, ''),
(1522, 1, 1030570356, 1, 3, '00 0907 4675', 'TORNILLO CORTICAL BLOQUEADO 4.5MM T20 HEXALOBE, X 75MM', '123', 'UNIDAD', 10, 30, 1, 1, 'ACTIVO', 0, '15/06/2016', 0, ''),
(1523, 1, 1030570356, 1, 3, '00 0907 4680', 'TORNILLO CORTICAL BLOQUEADO 4.5MM T20 HEXALOBE, X 80MM', '123', 'UNIDAD', 10, 30, 1, 1, 'ACTIVO', 0, '15/06/2016', 0, ''),
(1524, 1, 1030570356, 1, 2, '00 1200 4500', 'PLACA ADOLESCENTE 90? HOJA CANULADA 40MM X 6MM X 4 HOLE', '123', 'UNIDAD', 10, 30, 1, 1, 'ACTIVO', 0, '15/06/2016', 0, ''),
(1525, 1, 1030570356, 1, 2, '00 1200 4501', 'PLACA ADOLESCENTE 90? HOJA CANULADA 45MM X 6MM X 4 HOLE', '123', 'UNIDAD', 10, 30, 1, 1, 'ACTIVO', 0, '15/06/2016', 0, ''),
(1526, 1, 1030570356, 1, 2, '00 1200 4502', 'PLACA ADOLESCENTE 90? HOJA CANULADA 50MM X 6MM X 4 HOLE', '123', 'UNIDAD', 10, 30, 1, 1, 'ACTIVO', 0, '15/06/2016', 0, ''),
(1527, 1, 1030570356, 1, 2, '00 1200 4503', 'PLACA ADOLESCENTE 90? HOJA CANULADA 55MM X 6MM X 4 HOLE', '123', 'UNIDAD', 10, 30, 1, 1, 'ACTIVO', 0, '15/06/2016', 0, ''),
(1528, 1, 1030570356, 1, 2, '00 1200 4504', 'PLACA ADOLESCENTE 90? HOJA CANULADA 60MM X 6MM X 4 HOLE', '123', 'UNIDAD', 10, 30, 1, 1, 'ACTIVO', 0, '15/06/2016', 0, ''),
(1529, 1, 1030570356, 1, 2, '00 1200 4505', 'PLACA ADOLESCENTE 90? HOJA CANULADA 65MM X 6MM X 4 HOLE', '123', 'UNIDAD', 10, 30, 1, 1, 'ACTIVO', 0, '15/06/2016', 0, ''),
(1530, 1, 1030570356, 1, 2, '00 1200 4506', 'PLACA ADOLESCENTE 90? HOJA CANULADA 70MM X 6MM X 4 HOLE', '123', 'UNIDAD', 10, 30, 1, 1, 'ACTIVO', 0, '15/06/2016', 0, ''),
(1531, 1, 1030570356, 1, 2, '00 1200 4514', 'PLACA ADOLESCENTE 90? HOJA CANULADA 40MM X 14MM X 4 HOLE', '123', 'UNIDAD', 10, 30, 1, 1, 'ACTIVO', 0, '15/06/2016', 0, ''),
(1532, 1, 1030570356, 1, 2, '00 1200 4515', 'PLACA ADOLESCENTE 90? HOJA CANULADA 45MM X 14MM X 4 HOLE', '123', 'UNIDAD', 10, 30, 1, 1, 'ACTIVO', 0, '15/06/2016', 0, ''),
(1533, 1, 1030570356, 1, 2, '00 1200 4516', 'PLACA ADOLESCENTE 90? HOJA CANULADA 50MM X 14MM X 4 HOLE', '123', 'UNIDAD', 10, 30, 1, 1, 'ACTIVO', 0, '15/06/2016', 0, ''),
(1534, 1, 1030570356, 1, 2, '00 1200 4517', 'PLACA ADOLESCENTE 90? HOJA CANULADA 55MM X 14MM X 4 HOLE', '123', 'UNIDAD', 10, 30, 1, 1, 'ACTIVO', 0, '15/06/2016', 0, ''),
(1535, 1, 1030570356, 1, 2, '00 1200 4518', 'PLACA ADOLESCENTE 90? HOJA CANULADA 60MM X 14MM X 4 HOLE', '123', 'UNIDAD', 10, 30, 1, 1, 'ACTIVO', 0, '15/06/2016', 0, ''),
(1536, 1, 1030570356, 1, 2, '00 1200 4519', 'PLACA ADOLESCENTE 90? HOJA CANULADA 65MM X 14MM X 4 HOLE', '123', 'UNIDAD', 10, 30, 1, 1, 'ACTIVO', 0, '15/06/2016', 0, ''),
(1537, 1, 1030570356, 1, 2, '00 1200 4520', 'PLACA ADOLESCENTE 90? HOJA CANULADA 70MM X 14MM X 4 HOLE', '123', 'UNIDAD', 10, 30, 1, 1, 'ACTIVO', 0, '15/06/2016', 0, ''),
(1538, 1, 1030570356, 1, 2, '00 1200 7000', 'PLACA ADOLESCENTE 130? HOJA CANULADA 45MM X 0MM X 4 HOLE', '123', 'UNIDAD', 10, 30, 1, 1, 'ACTIVO', 0, '15/06/2016', 0, ''),
(1539, 1, 1030570356, 1, 2, '00 1200 7001', 'PLACA ADOLESCENTE 130? HOJA CANULADA 50MM X 0MM X 4 HOLE', '123', 'UNIDAD', 10, 30, 1, 1, 'ACTIVO', 0, '15/06/2016', 0, ''),
(1540, 1, 1030570356, 1, 2, '00 1200 7002', 'PLACA ADOLESCENTE 130? HOJA CANULADA 55MM X 0MM X 4 HOLE', '123', 'UNIDAD', 10, 30, 1, 1, 'ACTIVO', 0, '15/06/2016', 0, ''),
(1541, 1, 1030570356, 1, 2, '00 1200 7003', 'PLACA ADOLESCENTE 130? HOJA CANULADA 60MM X 0MM X 4 HOLE', '123', 'UNIDAD', 10, 30, 1, 1, 'ACTIVO', 0, '15/06/2016', 0, ''),
(1542, 1, 1030570356, 1, 2, '00 1200 7004', 'PLACA ADOLESCENTE 130? HOJA CANULADA 65MM X 0MM X 4 HOLE', '123', 'UNIDAD', 10, 30, 1, 1, 'ACTIVO', 0, '15/06/2016', 0, ''),
(1543, 1, 1030570356, 1, 2, '00 1200 7005', 'PLACA ADOLESCENTE 130? HOJA CANULADA 70MM X 0MM X 4 HOLE', '123', 'UNIDAD', 10, 30, 1, 1, 'ACTIVO', 0, '15/06/2016', 0, ''),
(1544, 1, 1030570356, 1, 2, '00 1200 7006', 'PLACA ADOLESCENTE 130? HOJA CANULADA 75MM X 0MM X 4 HOLE', '123', 'UNIDAD', 10, 30, 1, 1, 'ACTIVO', 0, '15/06/2016', 0, ''),
(1545, 1, 1030570356, 1, 2, '00 1200 7007', 'PLACA ADOLESCENTE 130? HOJA CANULADA 80MM X 0MM X 4 HOLE', '123', 'UNIDAD', 10, 30, 1, 1, 'ACTIVO', 0, '15/06/2016', 0, ''),
(1546, 1, 1030570356, 1, 6, '01 1200 1101', 'TAPA CONTENEDOR SISTEMA PLACAS ADOLESCENTE HOJA CANULADA ', '123', 'UNIDAD', 10, 30, 1, 1, 'ACTIVO', 0, '15/06/2016', 0, ''),
(1547, 1, 1030570356, 1, 6, '01 1200 4101', 'BANDEJA SISTEMA PLACAS ADOLESCENTE HOJA CANULADA', '123', 'UNIDAD', 10, 30, 1, 1, 'ACTIVO', 0, '15/06/2016', 0, ''),
(1548, 1, 1030570356, 1, 6, '01 1200 4102', 'BASE CONTENEDOR SISTEMA PLACAS ADOLESCENTE HOJA CANULADA', '123', 'UNIDAD', 10, 30, 1, 1, 'ACTIVO', 0, '15/06/2016', 0, ''),
(1549, 1, 1030570356, 1, 6, '01 1200 4103', '90/130 A IMPLANT BASE', '123', 'UNIDAD', 10, 30, 1, 1, 'ACTIVO', 0, '15/06/2016', 0, ''),
(1550, 1, 1030570356, 1, 6, '01 1200 4104', '4.5 INSTRUMENT TRAY', '123', 'UNIDAD', 10, 30, 1, 1, 'ACTIVO', 0, '15/06/2016', 0, ''),
(1551, 1, 1030570356, 1, 6, '01 1200 4105', '4.5 INSTRUMENT BASE', '123', 'UNIDAD', 10, 30, 1, 4437.5625, 'ACTIVO', -791, '2018-06-15', 0, ''),
(1552, 1, 1030570356, 1, 6, '01 1200 4106', '90/130 A IMPLANT TRAY ', '123', 'UNIDAD', 10, 30, 1, 1, 'ACTIVO', 0, '15/06/2016', 0, ''),
(1553, 1, 1030570356, 1, 6, '01 1200 2105', 'TAPA CONTENEDOR TORNILLOS 4.5', '123', 'UNIDAD', 10, 30, 1, 1, 'ACTIVO', 0, '15/06/2016', 0, ''),
(1554, 1, 1030570356, 1, 6, '01 1200 2106', 'BASE CONTENEDOR TORNILLOS 4.5', '123', 'UNIDAD', 10, 30, 1, 1, 'ACTIVO', 0, '15/06/2016', 0, ''),
(1555, 1, 1030570356, 1, 6, '01 0907 0014', 'TARRAJA 3.5MM CANULADA', '123', 'UNIDAD', 10, 30, 1, 1, 'ACTIVO', 0, '15/06/2016', 0, ''),
(1556, 1, 1030570356, 1, 6, '01 0907 0022', 'GU?A PUNTA ROSCADA 2.0MM X 150MM ', '123', 'UNIDAD', 10, 30, 1, 1, 'ACTIVO', 0, '15/06/2016', 0, ''),
(1557, 1, 1030570356, 1, 6, '01 0907 0022', 'GU?A PUNTA ROSCADA 2.0MM X 150MM ', '123', 'UNIDAD', 10, 30, 1, 1, 'ACTIVO', 0, '15/06/2016', 0, ''),
(1558, 1, 1030570356, 1, 6, '01 1200 0012', 'GU?A DE ANGULO AJUSTABLE', '123', 'UNIDAD', 10, 30, 1, 1, 'ACTIVO', 0, '15/06/2016', 0, ''),
(1559, 1, 1030570356, 1, 6, '01 0907 0003', 'GU?A TRIPLE 3.5MM ', '123', 'UNIDAD', 10, 30, 1, 1, 'ACTIVO', 0, '15/06/2016', 0, ''),
(1560, 1, 1030570356, 1, 6, '01 0907 0028', 'MANGO FIJO AO', '123', 'UNIDAD', 10, 30, 1, 1, 'ACTIVO', 0, '15/06/2016', 0, ''),
(1561, 1, 1030570356, 1, 6, '01 0907 0027', 'MANGO LIMITADOR DE TORQUE', '123', 'UNIDAD', 10, 30, 1, 1, 'ACTIVO', 0, '15/06/2016', 0, ''),
(1562, 1, 1030570356, 1, 6, '01 0907 0011', 'ATORNILLADOR CANULADO T15', '123', 'UNIDAD', 10, 30, 1, 1, 'ACTIVO', 0, '15/06/2016', 0, ''),
(1563, 1, 1030570356, 1, 6, '01 0907 0009', 'BROCA CANULADA 2.9MM ', '123', 'UNIDAD', 10, 30, 1, 1, 'ACTIVO', 0, '15/06/2016', 0, ''),
(1564, 1, 1030570356, 1, 6, '01 0907 0009', 'BROCA CANULADA 2.9MM ', '123', 'UNIDAD', 10, 30, 1, 1, 'ACTIVO', 0, '15/06/2016', 0, ''),
(1565, 1, 1030570356, 1, 6, '01 0907 0020', 'GU?A PUNTA ROSCADA 1.6MM ', '123', 'UNIDAD', 10, 30, 1, 1, 'ACTIVO', 0, '15/06/2016', 0, ''),
(1566, 1, 1030570356, 1, 6, '01 0907 0023', 'MEDIDOR DE PROFUNDIDAD 3.5MM CANULADO', '123', 'UNIDAD', 10, 30, 1, 1, 'ACTIVO', 0, '15/06/2016', 0, ''),
(1567, 1, 1030570356, 1, 6, '01 1200 0057', 'CLAMP PEQUE?O PARA HUESO ', '123', 'UNIDAD', 10, 30, 1, 1, 'ACTIVO', 0, '15/06/2016', 0, ''),
(1568, 1, 1030570356, 1, 6, '01 0907 0005', 'GU?A DE CLAVO 1.6MM ROSCADA ', '123', 'UNIDAD', 10, 30, 1, 1, 'ACTIVO', 0, '15/06/2016', 0, ''),
(1569, 1, 1030570356, 1, 6, '01 1030 001', 'MINI MANGO RATCHET', '123', 'UNIDAD', 10, 30, 1, 1, 'ACTIVO', 0, '15/06/2016', 0, ''),
(1570, 1, 1030570356, 1, 6, '01 1050 0009', 'GUIA DOBLE DE BROCA 2.5/3.5 ', '123', 'UNIDAD', 10, 30, 1, 1, 'ACTIVO', 0, '15/06/2016', 0, ''),
(1571, 1, 1030570356, 1, 6, '01 1200 0054', 'GU?A DE BROCA CENTRICA Y EXCENTRICA 2.5MM ', '123', 'UNIDAD', 10, 30, 1, 1, 'ACTIVO', 0, '15/06/2016', 0, ''),
(1572, 1, 1030570356, 1, 6, '01 1200 0067', 'GUIA DE BROCA 2.5MM ROSCADA', '123', 'UNIDAD', 10, 30, 1, 1, 'ACTIVO', 0, '15/06/2016', 0, ''),
(1573, 1, 1030570356, 1, 6, '01 1200 0068', 'ATORNILLADOR T15 HEXALOBE ', '123', 'UNIDAD', 10, 30, 1, 1, 'ACTIVO', 0, '15/06/2016', 0, ''),
(1574, 1, 1030570356, 1, 6, '01 1050 0032', 'BROCA CALIBRADA 2.5MM ', '123', 'UNIDAD', 10, 30, 1, 1, 'ACTIVO', 0, '15/06/2016', 0, ''),
(1575, 1, 1030570356, 1, 6, '01 0907 0025', 'GU?A PUNTA ROSCADA 2.5MM', '123', 'UNIDAD', 10, 30, 1, 1, 'ACTIVO', 0, '15/06/2016', 0, ''),
(1576, 1, 1030570356, 1, 6, '01 1200 0072', 'MEDIDOR DE PROFUNDIDAD 3.5MM ', '123', 'UNIDAD', 10, 30, 1, 1, 'ACTIVO', 0, '15/06/2016', 0, ''),
(1577, 1, 1030570356, 1, 6, '01 1050 0006', 'TARRAJA 3.5MM ', '123', 'UNIDAD', 10, 30, 1, 1, 'ACTIVO', 0, '15/06/2016', 0, ''),
(1578, 1, 1030570356, 1, 6, '01 1050 0002', 'BROCA 2.5MM ', '123', 'UNIDAD', 10, 30, 1, 1, 'ACTIVO', 0, '15/06/2016', 0, ''),
(1579, 1, 1030570356, 1, 6, '01 1200 0062', 'DOBLADORA DERECHA', '123', 'UNIDAD', 10, 30, 1, 1, 'ACTIVO', 0, '15/06/2016', 0, ''),
(1580, 1, 1030570356, 1, 6, '01 1200 0064', 'DOBLADORA IZQUIERDA', '123', 'UNIDAD', 10, 30, 1, 1, 'ACTIVO', 0, '15/06/2016', 0, ''),
(1581, 1, 1030570356, 1, 6, '03 1050 0043', 'TORNILLO DE REDUCCI?N PROVISIONAL', '123', 'UNIDAD', 10, 30, 1, 1, 'ACTIVO', 0, '15/06/2016', 0, ''),
(1582, 1, 1030570356, 1, 6, '03 1050 0143', 'CAMISA DE REDUCCI?N PROVISIONAL', '123', 'UNIDAD', 10, 30, 1, 1, 'ACTIVO', 0, '15/06/2016', 0, ''),
(1583, 1, 1030570356, 1, 6, '01 1050 0040', 'PIN DE FIJACI?N  30MM', '123', 'UNIDAD', 10, 30, 1, 1, 'ACTIVO', 0, '15/06/2016', 0, ''),
(1584, 1, 1030570356, 1, 6, '01 1010 001', 'MINI MANGO EN T- AO ', '123', 'UNIDAD', 10, 30, 1, 1, 'ACTIVO', 0, '15/06/2016', 0, ''),
(1585, 1, 1030570356, 1, 6, '01 0907 0024', 'MEDIDOR DE PROFUNDIDAD 4.5MM CANULADO', '123', 'UNIDAD', 10, 30, 1, 1, 'ACTIVO', 0, '15/06/2016', 0, ''),
(1586, 1, 1030570356, 1, 6, '01 0907 0021', 'GU?A PUNTA ROSCADA 2.0MM ', '123', 'UNIDAD', 10, 30, 1, 1, 'ACTIVO', 0, '15/06/2016', 0, ''),
(1587, 1, 1030570356, 1, 6, '01 0907 0010', 'BROCA CANULADA 3.5MM ', '123', 'UNIDAD', 10, 30, 1, 1, 'ACTIVO', 0, '15/06/2016', 0, ''),
(1588, 1, 1030570356, 1, 6, '01 0907 0012', 'ATORNILLADOR CANULADO T20 ', '123', 'UNIDAD', 10, 30, 1, 1, 'ACTIVO', 0, '15/06/2016', 0, ''),
(1589, 1, 1030570356, 1, 6, '01 0907 0015', 'TARRAJA 4.5MM CANULADA', '123', 'UNIDAD', 10, 30, 1, 1, 'ACTIVO', 0, '15/06/2016', 0, ''),
(1590, 1, 1030570356, 1, 6, '01 1200 0058', 'CLAMP GRANDE PARA HUESO', '123', 'UNIDAD', 10, 30, 1, 1, 'ACTIVO', 0, '15/06/2016', 0, ''),
(1591, 1, 1030570356, 1, 6, '01 0907 0004', 'GU?A TRIPLE 4.5MM ', '123', 'UNIDAD', 10, 30, 1, 1, 'ACTIVO', 0, '15/06/2016', 0, ''),
(1592, 1, 1030570356, 1, 6, '01 0907 0006', 'GU?A DE CLAVO 2.0MM ROSCADA', '123', 'UNIDAD', 10, 30, 1, 1, 'ACTIVO', 0, '15/06/2016', 0, ''),
(1593, 1, 1030570356, 1, 6, '01 1200 0069', 'POSICIONADOR TRIANGULAR  90-40-50 GRADOS', '123', 'UNIDAD', 10, 30, 1, 1, 'ACTIVO', 0, '15/06/2016', 0, ''),
(1594, 1, 1030570356, 1, 6, '01 1200 0070', 'POSICIONADOR TRIANGULAR 80-70-30 GRADOS', '123', 'UNIDAD', 10, 30, 1, 1, 'ACTIVO', 0, '15/06/2016', 0, ''),
(1595, 1, 1030570356, 1, 6, '01 1200 0071', 'POSICIONADOR TRIANGULAR 100-60-20 GRADOS', '123', 'UNIDAD', 10, 30, 1, 1, 'ACTIVO', 0, '15/06/2016', 0, ''),
(1596, 1, 1030570356, 1, 6, '01 1200 0042', 'GUIA DE BROCA 3.2MM ROSCADA', '123', 'UNIDAD', 10, 30, 1, 1, 'ACTIVO', 0, '15/06/2016', 0, ''),
(1597, 1, 1030570356, 1, 6, '01 1200 0056', 'GU?A DOBLE DE BROCA 3.2/4.5', '123', 'UNIDAD', 10, 30, 1, 1, 'ACTIVO', 0, '15/06/2016', 0, ''),
(1598, 1, 1030570356, 1, 6, '01 0907 0026', 'GU?A PUNTA ROSCADA 3.2MM ', '123', 'UNIDAD', 10, 30, 1, 1, 'ACTIVO', 0, '15/06/2016', 0, ''),
(1599, 1, 1030570356, 1, 6, '01 1200 0041', 'BROCA CALIBRADA 3.2MM ', '123', 'UNIDAD', 10, 30, 1, 1, 'ACTIVO', 0, '15/06/2016', 0, ''),
(1600, 1, 1030570356, 1, 6, '01 1200 0065', 'ATORNILLADOR T20 HEXALOBE ', '123', 'UNIDAD', 10, 30, 1, 1, 'ACTIVO', 0, '15/06/2016', 0, ''),
(1601, 1, 1030570356, 1, 6, '01 1200 0055', 'GUIA DE BROCA CENTRICA Y EXCENTRICA 3.2 MM', '123', 'UNIDAD', 10, 30, 1, 1, 'ACTIVO', 0, '15/06/2016', 0, ''),
(1602, 1, 1030570356, 1, 6, '01 1200 0073', 'MEDIDOR DE PROFUNDIDAD 4.5MM ', '123', 'UNIDAD', 10, 30, 1, 1, 'ACTIVO', 0, '15/06/2016', 0, ''),
(1603, 1, 1030570356, 1, 6, '01 1200 0051', 'BROCA 3.2MM ', '123', 'UNIDAD', 10, 30, 1, 1, 'ACTIVO', 0, '15/06/2016', 0, ''),
(1604, 1, 1030570356, 1, 6, '01 1200 0052', 'TARRAJA 4.5MM', '123', 'UNIDAD', 10, 30, 1, 1, 'ACTIVO', 0, '15/06/2016', 0, ''),
(1605, 1, 1030570356, 1, 6, '01 1010 003', 'CEPILLO DE LIMPIEZA 1.70MM', '123', 'UNIDAD', 10, 30, 1, 1, 'ACTIVO', 0, '15/06/2016', 0, ''),
(1606, 1, 1030570356, 1, 6, '01 1010 004', 'CLEANING STYLET', '123', 'UNIDAD', 10, 30, 1, 1, 'ACTIVO', 0, '15/06/2016', 0, ''),
(1607, 1, 1030570356, 1, 3, '00 0903 2512', 'TORNILLO CORTICAL 3.5MM AUTOPERFORANTE T15 HEXALOBE, X 12MM', '123', 'UNIDAD', 10, 30, 1, 1, 'ACTIVO', 0, '15/06/2016', 0, ''),
(1608, 1, 1030570356, 1, 3, '00 0903 2514', 'TORNILLO CORTICAL 3.5MM AUTOPERFORANTE T15 HEXALOBE, X 14MM', '123', 'UNIDAD', 10, 30, 1, 1, 'ACTIVO', 0, '15/06/2016', 0, ''),
(1609, 1, 1030570356, 1, 3, '00 0903 2516', 'TORNILLO CORTICAL 3.5MM AUTOPERFORANTE T15 HEXALOBE, X 16MM', '123', 'UNIDAD', 10, 30, 1, 1, 'ACTIVO', 0, '15/06/2016', 0, ''),
(1610, 1, 1030570356, 1, 3, '00 0903 2518', 'TORNILLO CORTICAL 3.5MM AUTOPERFORANTE T15 HEXALOBE, X 18MM', '123', 'UNIDAD', 10, 30, 1, 1, 'ACTIVO', 0, '15/06/2016', 0, ''),
(1611, 1, 1030570356, 1, 3, '00 0903 2520', 'TORNILLO CORTICAL 3.5MM AUTOPERFORANTE T15 HEXALOBE, X 20MM', '123', 'UNIDAD', 10, 30, 1, 1, 'ACTIVO', 0, '15/06/2016', 0, ''),
(1612, 1, 1030570356, 1, 3, '00 0903 2522', 'TORNILLO CORTICAL 3.5MM AUTOPERFORANTE T15 HEXALOBE, X 22MM', '123', 'UNIDAD', 10, 30, 1, 1, 'ACTIVO', 0, '15/06/2016', 0, ''),
(1613, 1, 1030570356, 1, 3, '00 0903 2524', 'TORNILLO CORTICAL 3.5MM AUTOPERFORANTE T15 HEXALOBE, X 24MM', '123', 'UNIDAD', 10, 30, 1, 1, 'ACTIVO', 0, '15/06/2016', 0, ''),
(1614, 1, 1030570356, 1, 3, '00 0903 2526', 'TORNILLO CORTICAL 3.5MM AUTOPERFORANTE T15 HEXALOBE, X 26MM', '123', 'UNIDAD', 10, 30, 1, 1, 'ACTIVO', 0, '15/06/2016', 0, ''),
(1615, 1, 1030570356, 1, 3, '00 0903 2528', 'TORNILLO CORTICAL 3.5MM AUTOPERFORANTE T15 HEXALOBE, X 28MM', '123', 'UNIDAD', 10, 30, 1, 1, 'ACTIVO', 0, '15/06/2016', 0, ''),
(1616, 1, 1030570356, 1, 3, '00 0903 2530', 'TORNILLO CORTICAL 3.5MM AUTOPERFORANTE T15 HEXALOBE, X 30MM', '123', 'UNIDAD', 10, 30, 1, 1, 'ACTIVO', 0, '15/06/2016', 0, ''),
(1617, 1, 1030570356, 1, 3, '00 0903 2532', 'TORNILLO CORTICAL 3.5MM AUTOPERFORANTE T15 HEXALOBE, X 32MM', '123', 'UNIDAD', 10, 30, 1, 1, 'ACTIVO', 0, '15/06/2016', 0, ''),
(1618, 1, 1030570356, 1, 3, '00 0903 2534', 'TORNILLO CORTICAL 3.5MM AUTOPERFORANTE T15 HEXALOBE, X 34MM', '123', 'UNIDAD', 10, 30, 1, 1, 'ACTIVO', 0, '15/06/2016', 0, ''),
(1619, 1, 1030570356, 1, 3, '00 0903 2536', 'TORNILLO CORTICAL 3.5MM AUTOPERFORANTE T15 HEXALOBE, X 36MM', '123', 'UNIDAD', 10, 30, 1, 1, 'ACTIVO', 0, '15/06/2016', 0, ''),
(1620, 1, 1030570356, 1, 3, '00 0903 2538', 'TORNILLO CORTICAL 3.5MM AUTOPERFORANTE T15 HEXALOBE, X 38MM', '123', 'UNIDAD', 10, 30, 1, 1, 'ACTIVO', 0, '15/06/2016', 0, ''),
(1621, 1, 1030570356, 1, 3, '00 0903 2540', 'TORNILLO CORTICAL 3.5MM AUTOPERFORANTE T15 HEXALOBE, X 40MM', '123', 'UNIDAD', 10, 30, 1, 1, 'ACTIVO', 0, '15/06/2016', 0, ''),
(1622, 1, 1030570356, 1, 3, '00 0903 2542', 'TORNILLO CORTICAL 3.5MM AUTOPERFORANTE T15 HEXALOBE, X 42MM', '123', 'UNIDAD', 10, 30, 1, 1, 'ACTIVO', 0, '15/06/2016', 0, ''),
(1623, 1, 1030570356, 1, 3, '00 0903 2544', 'TORNILLO CORTICAL 3.5MM AUTOPERFORANTE T15 HEXALOBE, X 44MM', '123', 'UNIDAD', 10, 30, 1, 1, 'ACTIVO', 0, '15/06/2016', 0, ''),
(1624, 1, 1030570356, 1, 3, '00 0903 2546', 'TORNILLO CORTICAL 3.5MM AUTOPERFORANTE T15 HEXALOBE, X 46MM', '123', 'UNIDAD', 10, 30, 1, 1, 'ACTIVO', 0, '15/06/2016', 0, ''),
(1625, 1, 1030570356, 1, 3, '00 0903 2548', 'TORNILLO CORTICAL 3.5MM AUTOPERFORANTE T15 HEXALOBE, X 48MM', '123', 'UNIDAD', 10, 30, 1, 1, 'ACTIVO', 0, '15/06/2016', 0, ''),
(1626, 1, 1030570356, 1, 3, '00 0903 2550', 'TORNILLO CORTICAL 3.5MM AUTOPERFORANTE T15 HEXALOBE, X 50MM', '123', 'UNIDAD', 10, 30, 1, 1, 'ACTIVO', 0, '15/06/2016', 0, ''),
(1627, 1, 1030570356, 1, 3, '00 0903 2555', 'TORNILLO CORTICAL 3.5MM AUTOPERFORANTE T15 HEXALOBE, X 55MM', '123', 'UNIDAD', 10, 30, 1, 1, 'ACTIVO', 0, '15/06/2016', 0, ''),
(1628, 1, 1030570356, 1, 3, '00 0903 2560', 'TORNILLO CORTICAL 3.5MM AUTOPERFORANTE T15 HEXALOBE, X 60MM', '123', 'UNIDAD', 10, 30, 1, 1, 'ACTIVO', 0, '15/06/2016', 0, ''),
(1629, 1, 1030570356, 1, 3, '00 0903 2565', 'TORNILLO CORTICAL 3.5MM AUTOPERFORANTE T15 HEXALOBE, X 65MM', '123', 'UNIDAD', 10, 30, 1, 1, 'ACTIVO', 0, '15/06/2016', 0, ''),
(1630, 1, 1030570356, 1, 3, '00 0903 2570', 'TORNILLO CORTICAL 3.5MM AUTOPERFORANTE T15 HEXALOBE, X 70MM', '123', 'UNIDAD', 10, 30, 1, 1, 'ACTIVO', 0, '15/06/2016', 0, ''),
(1631, 1, 1030570356, 1, 3, '00 0903 2612', 'TORNILLO CORTICAL 3.5MM BLOQUEADO T15 HEXALOBE, X 12MM', '123', 'UNIDAD', 10, 30, 1, 1, 'ACTIVO', 0, '15/06/2016', 0, ''),
(1632, 1, 1030570356, 1, 3, '00 0903 2614', 'TORNILLO CORTICAL 3.5MM BLOQUEADO T15 HEXALOBE, X 14MM', '123', 'UNIDAD', 10, 30, 1, 1, 'ACTIVO', 0, '15/06/2016', 0, ''),
(1633, 1, 1030570356, 1, 3, '00 0903 2616', 'TORNILLO CORTICAL 3.5MM BLOQUEADO T15 HEXALOBE, X 16MM', '123', 'UNIDAD', 10, 30, 1, 1, 'ACTIVO', 0, '15/06/2016', 0, ''),
(1634, 1, 1030570356, 1, 3, '00 0903 2618', 'TORNILLO CORTICAL 3.5MM BLOQUEADO T15 HEXALOBE, X 18MM', '123', 'UNIDAD', 10, 30, 1, 1, 'ACTIVO', 0, '15/06/2016', 0, ''),
(1635, 1, 1030570356, 1, 3, '00 0903 2620', 'TORNILLO CORTICAL 3.5MM BLOQUEADO T15 HEXALOBE, X 20MM', '123', 'UNIDAD', 10, 30, 1, 1, 'ACTIVO', 0, '15/06/2016', 0, ''),
(1636, 1, 1030570356, 1, 3, '00 0903 2622', 'TORNILLO CORTICAL 3.5MM BLOQUEADO T15 HEXALOBE, X 20MM', '123', 'UNIDAD', 10, 30, 1, 1, 'ACTIVO', 0, '15/06/2016', 0, ''),
(1637, 1, 1030570356, 1, 3, '00 0903 2624', 'TORNILLO CORTICAL 3.5MM BLOQUEADO T15 HEXALOBE, X 22MM', '123', 'UNIDAD', 10, 30, 1, 1, 'ACTIVO', 0, '15/06/2016', 0, ''),
(1638, 1, 1030570356, 1, 3, '00 0903 2626', 'TORNILLO CORTICAL 3.5MM BLOQUEADO T15 HEXALOBE, X 26MM', '123', 'UNIDAD', 10, 30, 1, 1, 'ACTIVO', 0, '15/06/2016', 0, ''),
(1639, 1, 1030570356, 1, 3, '00 0903 2628', 'TORNILLO CORTICAL 3.5MM BLOQUEADO T15 HEXALOBE, X 28MM', '123', 'UNIDAD', 10, 30, 1, 1, 'ACTIVO', 0, '15/06/2016', 0, ''),
(1640, 1, 1030570356, 1, 3, '00 0903 2630', 'TORNILLO CORTICAL 3.5MM BLOQUEADO T15 HEXALOBE, X 30MM', '123', 'UNIDAD', 10, 30, 1, 1, 'ACTIVO', 0, '15/06/2016', 0, ''),
(1641, 1, 1030570356, 1, 3, '00 0903 2632', 'TORNILLO CORTICAL 3.5MM BLOQUEADO T15 HEXALOBE, X 32MM', '123', 'UNIDAD', 10, 30, 1, 1, 'ACTIVO', 0, '15/06/2016', 0, ''),
(1642, 1, 1030570356, 1, 3, '00 0903 2634', 'TORNILLO CORTICAL 3.5MM BLOQUEADO T15 HEXALOBE, X 34MM', '123', 'UNIDAD', 10, 30, 1, 1, 'ACTIVO', 0, '15/06/2016', 0, ''),
(1643, 1, 1030570356, 1, 3, '00 0903 2636', 'TORNILLO CORTICAL 3.5MM BLOQUEADO T15 HEXALOBE, X 36MM', '123', 'UNIDAD', 10, 30, 1, 1, 'ACTIVO', 0, '15/06/2016', 0, ''),
(1644, 1, 1030570356, 1, 3, '00 0903 2638', 'TORNILLO CORTICAL 3.5MM BLOQUEADO T15 HEXALOBE, X 38MM', '123', 'UNIDAD', 10, 30, 1, 1, 'ACTIVO', 0, '15/06/2016', 0, ''),
(1645, 1, 1030570356, 1, 3, '00 0903 2640', 'TORNILLO CORTICAL 3.5MM BLOQUEADO T15 HEXALOBE, X 40MM', '123', 'UNIDAD', 10, 30, 1, 1, 'ACTIVO', 0, '15/06/2016', 0, ''),
(1646, 1, 1030570356, 1, 3, '00 0903 2642', 'TORNILLO CORTICAL 3.5MM BLOQUEADO T15 HEXALOBE, X 42MM', '123', 'UNIDAD', 10, 30, 1, 1, 'ACTIVO', 0, '15/06/2016', 0, ''),
(1647, 1, 1030570356, 1, 3, '00 0903 2644', 'TORNILLO CORTICAL 3.5MM BLOQUEADO T15 HEXALOBE, X 44MM', '123', 'UNIDAD', 10, 30, 1, 1, 'ACTIVO', 0, '15/06/2016', 0, ''),
(1648, 1, 1030570356, 1, 3, '00 0903 2646', 'TORNILLO CORTICAL 3.5MM BLOQUEADO T15 HEXALOBE, X 46MM', '123', 'UNIDAD', 10, 30, 1, 1, 'ACTIVO', 0, '15/06/2016', 0, ''),
(1649, 1, 1030570356, 1, 3, '00 0903 2648', 'TORNILLO CORTICAL 3.5MM BLOQUEADO T15 HEXALOBE, X 48MM', '123', 'UNIDAD', 10, 30, 1, 1, 'ACTIVO', 0, '15/06/2016', 0, ''),
(1650, 1, 1030570356, 1, 3, '00 0903 2650', 'TORNILLO CORTICAL 3.5MM BLOQUEADO T15 HEXALOBE, X 50MM', '123', 'UNIDAD', 10, 30, 1, 1, 'ACTIVO', 0, '15/06/2016', 0, ''),
(1651, 1, 1030570356, 1, 3, '00 0903 2655', 'TORNILLO CORTICAL 3.5MM BLOQUEADO T15 HEXALOBE, X 55MM', '123', 'UNIDAD', 10, 30, 1, 1, 'ACTIVO', 0, '15/06/2016', 0, ''),
(1652, 1, 1030570356, 1, 3, '00 0903 2660', 'TORNILLO CORTICAL 3.5MM BLOQUEADO T15 HEXALOBE, X 60MM', '123', 'UNIDAD', 10, 30, 1, 1, 'ACTIVO', 0, '15/06/2016', 0, ''),
(1653, 1, 1030570356, 1, 3, '00 0903 2665', 'TORNILLO CORTICAL 3.5MM BLOQUEADO T15 HEXALOBE, X 65MM', '123', 'UNIDAD', 10, 30, 1, 1, 'ACTIVO', 0, '15/06/2016', 0, ''),
(1654, 1, 1030570356, 1, 3, '00 0903 2670', 'TORNILLO CORTICAL 3.5MM BLOQUEADO T15 HEXALOBE, X 70MM', '123', 'UNIDAD', 10, 30, 1, 1, 'ACTIVO', 0, '15/06/2016', 0, ''),
(1655, 1, 1030570356, 1, 3, '00 0907 3730', 'TORNILLO CANULADO 3.5MM T15 HEXALOBE, X 30MM', '123', 'UNIDAD', 10, 30, 1, 1, 'ACTIVO', 0, '15/06/2016', 0, ''),
(1656, 1, 1030570356, 1, 3, '00 0907 3732', 'TORNILLO CANULADO 3.5MM T15 HEXALOBE, X 32MM', '123', 'UNIDAD', 10, 30, 1, 1, 'ACTIVO', 0, '15/06/2016', 0, ''),
(1657, 1, 1030570356, 1, 3, '00 0907 3734', 'TORNILLO CANULADO 3.5MM T15 HEXALOBE, X 34MM', '123', 'UNIDAD', 10, 30, 1, 1, 'ACTIVO', 0, '15/06/2016', 0, ''),
(1658, 1, 1030570356, 1, 3, '00 0907 3736', 'TORNILLO CANULADO 3.5MM T15 HEXALOBE, X 36MM', '123', 'UNIDAD', 10, 30, 1, 1, 'ACTIVO', 0, '15/06/2016', 0, ''),
(1659, 1, 1030570356, 1, 3, '00 0907 3738', 'TORNILLO CANULADO 3.5MM T15 HEXALOBE, X 38MM', '123', 'UNIDAD', 10, 30, 1, 1, 'ACTIVO', 0, '15/06/2016', 0, ''),
(1660, 1, 1030570356, 1, 3, '00 0907 3740', 'TORNILLO CANULADO 3.5MM T15 HEXALOBE, X 40MM', '123', 'UNIDAD', 10, 30, 1, 1, 'ACTIVO', 0, '15/06/2016', 0, ''),
(1661, 1, 1030570356, 1, 3, '00 0907 3745', 'TORNILLO CANULADO 3.5MM T15 HEXALOBE, X 45MM', '123', 'UNIDAD', 10, 30, 1, 1, 'ACTIVO', 0, '15/06/2016', 0, ''),
(1662, 1, 1030570356, 1, 3, '00 0907 3750', 'TORNILLO CANULADO 3.5MM T15 HEXALOBE, X 50MM', '123', 'UNIDAD', 10, 30, 1, 1, 'ACTIVO', 0, '15/06/2016', 0, ''),
(1663, 1, 1030570356, 1, 3, '00 0907 3755', 'TORNILLO CANULADO 3.5MM T15 HEXALOBE, X 55MM', '123', 'UNIDAD', 10, 30, 1, 1, 'ACTIVO', 0, '15/06/2016', 0, ''),
(1664, 1, 1030570356, 1, 3, '00 0907 3760', 'TORNILLO CANULADO 3.5MM T15 HEXALOBE, X 60MM', '123', 'UNIDAD', 10, 30, 1, 1, 'ACTIVO', 0, '15/06/2016', 0, ''),
(1665, 1, 1030570356, 1, 3, '00 0907 3765', 'TORNILLO CANULADO 3.5MM T15 HEXALOBE, X 65MM', '123', 'UNIDAD', 10, 30, 1, 1, 'ACTIVO', 0, '15/06/2016', 0, ''),
(1666, 1, 1030570356, 1, 3, '00 0907 3770', 'TORNILLO CANULADO 3.5MM T15 HEXALOBE, X 70MM', '123', 'UNIDAD', 10, 30, 1, 1, 'ACTIVO', 0, '15/06/2016', 0, ''),
(1667, 1, 1030570356, 1, 2, '00 0907 1103', 'PLACA BLOQUEADA FEMUR PROXIMAL 3.5 90?X 6MM OFFSET, 3 ORIFICIOS', '123', 'UNIDAD', 10, 30, 1, 1, 'ACTIVO', 0, '15/06/2016', 0, ''),
(1668, 1, 1030570356, 1, 2, '00 0907 1123', 'PLACA BLOQUEADA FEMUR PROXIMAL 3.5 100? 6MM OFFSET, 3 ORIFICIOS', '123', 'UNIDAD', 10, 30, 1, 1, 'ACTIVO', 0, '15/06/2016', 0, ''),
(1669, 1, 1030570356, 1, 2, '00 0907 1143', 'PLACA BLOQUEADA FEMUR PROXIMAL 3.5 110? 6MM OFFSET, 3 ORIFICIOS', '123', 'UNIDAD', 10, 30, 1, 1, 'ACTIVO', 0, '15/06/2016', 0, ''),
(1670, 1, 1030570356, 1, 2, '00 0907 1163', 'PLACA BLOQUEADA FEMUR PROXIMAL 3.5 120? 6MM OFFSET, 3 ORIFICIOS', '123', 'UNIDAD', 10, 30, 1, 1, 'ACTIVO', 0, '15/06/2016', 0, ''),
(1671, 1, 1030570356, 1, 2, '00 0907 1203', 'PLACA BLOQUEADA FEMUR PROXIMAL 3.5 90? 12MM OFFSET, 3 ORIFICIOS', '123', 'UNIDAD', 10, 30, 1, 1, 'ACTIVO', 0, '15/06/2016', 0, ''),
(1672, 1, 1030570356, 1, 2, '00 0907 1223', 'PLACA BLOQUEADA FEMUR PROXIMAL 3.5 100? 12MM OFFSET, 3 ORIFICIOS', '123', 'UNIDAD', 10, 30, 1, 1, 'ACTIVO', 0, '15/06/2016', 0, ''),
(1673, 1, 1030570356, 1, 2, '00 0907 1243', 'PLACA BLOQUEADA FEMUR PROXIMAL 3.5 110? 12MM OFFSET, 3 ORIFICIOS', '123', 'UNIDAD', 10, 30, 1, 1, 'ACTIVO', 0, '15/06/2016', 0, ''),
(1674, 1, 1030570356, 1, 2, '00 0907 1263', 'PLACA BLOQUEADA FEMUR PROXIMAL 3.5 120? 12MM OFFSET, 3 ORIFICIOS', '123', 'UNIDAD', 10, 30, 1, 1, 'ACTIVO', 0, '15/06/2016', 0, ''),
(1675, 1, 1030570356, 1, 2, '00 0907 3103', 'PLACA BLOQUEADA FEMUR PROXIMAL 3.5 150? 3 ORIFICIOS', '123', 'UNIDAD', 10, 30, 1, 1, 'ACTIVO', 0, '15/06/2016', 0, ''),
(1676, 1, 1030570356, 1, 2, '00 0907 3105', 'PLACA BLOQUEADA FEMUR PROXIMAL 3.5 150? 5 ORIFICIOS', '123', 'UNIDAD', 10, 30, 1, 1, 'ACTIVO', 0, '15/06/2016', 0, ''),
(1677, 1, 1030570356, 1, 2, '00 0907 2103', 'PLACA BLOQUEADA FEMUR PROXIMAL 3.5 130? 3 ORIFICIOS', '123', 'UNIDAD', 10, 30, 1, 1, 'ACTIVO', 0, '15/06/2016', 0, ''),
(1678, 1, 1030570356, 1, 2, '00 0907 2104', 'PLACA BLOQUEADA FEMUR PROXIMAL 3.5 130? 4 ORIFICIOS', '123', 'UNIDAD', 10, 30, 1, 1, 'ACTIVO', 0, '15/06/2016', 0, ''),
(1679, 1, 1030570356, 1, 2, '00 0907 2106', 'PLACA BLOQUEADA FEMUR PROXIMAL 3.5 130? 6 ORIFICIOS', '123', 'UNIDAD', 10, 30, 1, 1, 'ACTIVO', 0, '15/06/2016', 0, ''),
(1680, 1, 1030570356, 1, 2, '00 0907 1303', 'PLACA BLOQUEADA FEMUR PROXIMAL 4.5MM 90? X 6MM OFFSET, 3 ORIFICIOS', '123', 'UNIDAD', 10, 30, 1, 1, 'ACTIVO', 0, '15/06/2016', 0, ''),
(1681, 1, 1030570356, 1, 2, '00 0907 1304', 'PLACA BLOQUEADA FEMUR PROXIMAL 4.5MM 90? X 6MM OFFSET, 4 ORIFICIOS', '123', 'UNIDAD', 10, 30, 1, 1, 'ACTIVO', 0, '15/06/2016', 0, ''),
(1682, 1, 1030570356, 1, 2, '00 0907 1324', 'PLACA BLOQUEADA FEMUR PROXIMAL 4.5MM 100?X 6MM OFFSET, 4 ORIFICIOS', '123', 'UNIDAD', 10, 30, 1, 1, 'ACTIVO', 0, '15/06/2016', 0, ''),
(1683, 1, 1030570356, 1, 2, '00 0907 1344', 'PLACA BLOQUEADA FEMUR PROXIMAL 4.5MM 110?X 6MM OFFSET, 4 ORIFICIOS', '123', 'UNIDAD', 10, 30, 1, 1, 'ACTIVO', 0, '15/06/2016', 0, ''),
(1684, 1, 1030570356, 1, 2, '00 0907 1364', 'PLACA BLOQUEADA FEMUR PROXIMAL 4.5MM 120?X 6MM OFFSET, 4 ORIFICIOS', '123', 'UNIDAD', 10, 30, 1, 1, 'ACTIVO', 0, '15/06/2016', 0, ''),
(1685, 1, 1030570356, 1, 2, '00 0907 1403', 'PLACA BLOQUEADA FEMUR PROXIMAL 4.5MM 90?X 14MM OFFSET, 3 ORIFICIOS', '123', 'UNIDAD', 10, 30, 1, 1, 'ACTIVO', 0, '15/06/2016', 0, ''),
(1686, 1, 1030570356, 1, 2, '00 0907 1404', 'PLACA BLOQUEADA FEMUR PROXIMAL 4.5MM 90?X 14MM OFFSET, 4 ORIFICIOS', '123', 'UNIDAD', 10, 30, 1, 1, 'ACTIVO', 0, '15/06/2016', 0, ''),
(1687, 1, 1030570356, 1, 2, '00 0907 1424', 'PLACA BLOQUEADA FEMUR PROXIMAL 4.5MM 100?X 14MM OFFSET, 4 ORIFICIOS', '123', 'UNIDAD', 10, 30, 1, 1, 'ACTIVO', 0, '15/06/2016', 0, ''),
(1688, 1, 1030570356, 1, 2, '00 0907 1444', 'PLACA BLOQUEADA FEMUR PROXIMAL 4.5MM 110?X 14MM OFFSET, 4 ORIFICIOS', '123', 'UNIDAD', 10, 30, 1, 1, 'ACTIVO', 0, '15/06/2016', 0, ''),
(1689, 1, 1030570356, 1, 2, '00 0907 1464', 'PLACA BLOQUEADA FEMUR PROXIMAL 4.5MM 120?X 14MM OFFSET, 4 ORIFICIOS', '123', 'UNIDAD', 10, 30, 1, 1, 'ACTIVO', 0, '15/06/2016', 0, ''),
(1690, 1, 1030570356, 1, 2, '00 0907 2203', 'PLACA BLOQUEADA FEMUR PROXIMAL 4.5MM 130?X 4.5MM, 3 ORIFICIOS', '123', 'UNIDAD', 10, 30, 1, 1, 'ACTIVO', 0, '15/06/2016', 0, ''),
(1691, 1, 1030570356, 1, 2, '00 0907 2204', 'PLACA BLOQUEADA FEMUR PROXIMAL 4.5MM 130?X 4.5MM, 4 ORIFICIOS', '123', 'UNIDAD', 10, 30, 1, 1, 'ACTIVO', 0, '15/06/2016', 0, ''),
(1692, 1, 1030570356, 1, 2, '00 0907 2206', 'PLACA BLOQUEADA FEMUR PROXIMAL 4.5MM 130?X 4.5MM, 6 ORIFICIOS', '123', 'UNIDAD', 10, 30, 1, 1, 'ACTIVO', 0, '15/06/2016', 0, ''),
(1693, 1, 1030570356, 1, 2, '00 0907 3203', 'PLACA BLOQUEADA FEMUR PROXIMAL 4.5MM 150?X 4.5MM, 3 ORIFICIOS', '123', 'UNIDAD', 10, 30, 1, 1, 'ACTIVO', 0, '15/06/2016', 0, ''),
(1694, 1, 1030570356, 1, 2, '00 0907 3205', 'PLACA BLOQUEADA FEMUR PROXIMAL 4.5MM 150?X 4.5MM , 5 ORIFICIOS', '123', 'UNIDAD', 10, 30, 1, 1, 'ACTIVO', 0, '15/06/2016', 0, ''),
(1695, 1, 1030570356, 1, 3, '00 0907 4514', 'TORNILLO CORTICAL 4.5MM AUTOPERFORANTE T20 HEXALOBE, X 14MM', '123', 'UNIDAD', 10, 30, 1, 1, 'ACTIVO', 0, '15/06/2016', 0, ''),
(1696, 1, 1030570356, 1, 3, '00 0907 4516', 'TORNILLO CORTICAL 4.5MM AUTOPERFORANTE T20 HEXALOBE, X 16MM', '123', 'UNIDAD', 10, 30, 1, 1, 'ACTIVO', 0, '15/06/2016', 0, ''),
(1697, 1, 1030570356, 1, 3, '00 0907 4518', 'TORNILLO CORTICAL 4.5MM AUTOPERFORANTE T20 HEXALOBE, X 18MM', '123', 'UNIDAD', 10, 30, 1, 1, 'ACTIVO', 0, '15/06/2016', 0, ''),
(1698, 1, 1030570356, 1, 3, '00 0907 4520', 'TORNILLO CORTICAL 4.5MM AUTOPERFORANTE T20 HEXALOBE, X 20MM', '123', 'UNIDAD', 10, 30, 1, 1, 'ACTIVO', 0, '15/06/2016', 0, ''),
(1699, 1, 1030570356, 1, 3, '00 0907 4522', 'TORNILLO CORTICAL 4.5MM AUTOPERFORANTE T20 HEXALOBE, X 22MM', '123', 'UNIDAD', 10, 30, 1, 1, 'ACTIVO', 0, '15/06/2016', 0, ''),
(1700, 1, 1030570356, 1, 3, '00 0907 4524', 'TORNILLO CORTICAL 4.5MM AUTOPERFORANTE T20 HEXALOBE, X 24MM', '123', 'UNIDAD', 10, 30, 1, 1, 'ACTIVO', 0, '15/06/2016', 0, ''),
(1701, 1, 1030570356, 1, 3, '00 0907 4526', 'TORNILLO CORTICAL 4.5MM AUTOPERFORANTE T20 HEXALOBE, X 26MM', '123', 'UNIDAD', 10, 30, 1, 1, 'ACTIVO', 0, '15/06/2016', 0, ''),
(1702, 1, 1030570356, 1, 3, '00 0907 4528', 'TORNILLO CORTICAL 4.5MM AUTOPERFORANTE T20 HEXALOBE, X 28MM', '123', 'UNIDAD', 10, 30, 1, 1, 'ACTIVO', 0, '15/06/2016', 0, ''),
(1703, 1, 1030570356, 1, 3, '00 0907 4530', 'TORNILLO CORTICAL 4.5MM AUTOPERFORANTE T20 HEXALOBE, X 30MM', '123', 'UNIDAD', 10, 30, 1, 1, 'ACTIVO', 0, '15/06/2016', 0, ''),
(1704, 1, 1030570356, 1, 3, '00 0907 4532', 'TORNILLO CORTICAL 4.5MM AUTOPERFORANTE T20 HEXALOBE, X 32MM', '123', 'UNIDAD', 10, 30, 1, 1, 'ACTIVO', 0, '15/06/2016', 0, ''),
(1705, 1, 1030570356, 1, 3, '00 0907 4534', 'TORNILLO CORTICAL 4.5MM AUTOPERFORANTE T20 HEXALOBE, X 34MM', '123', 'UNIDAD', 10, 30, 1, 1, 'ACTIVO', 0, '15/06/2016', 0, ''),
(1706, 1, 1030570356, 1, 3, '00 0907 4536', 'TORNILLO CORTICAL 4.5MM AUTOPERFORANTE T20 HEXALOBE, X 36MM', '123', 'UNIDAD', 10, 30, 1, 1, 'ACTIVO', 0, '15/06/2016', 0, ''),
(1707, 1, 1030570356, 1, 3, '00 0907 4538', 'TORNILLO CORTICAL 4.5MM AUTOPERFORANTE T20 HEXALOBE, X 38MM', '123', 'UNIDAD', 10, 30, 1, 1, 'ACTIVO', 0, '15/06/2016', 0, ''),
(1708, 1, 1030570356, 1, 3, '00 0907 4540', 'TORNILLO CORTICAL 4.5MM AUTOPERFORANTE T20 HEXALOBE, X 40MM', '123', 'UNIDAD', 10, 30, 1, 1, 'ACTIVO', 0, '15/06/2016', 0, ''),
(1709, 1, 1030570356, 1, 3, '00 0907 4542', 'TORNILLO CORTICAL 4.5MM AUTOPERFORANTE T20 HEXALOBE, X 42MM', '123', 'UNIDAD', 10, 30, 1, 1, 'ACTIVO', 0, '15/06/2016', 0, ''),
(1710, 1, 1030570356, 1, 3, '00 0907 4544', 'TORNILLO CORTICAL 4.5MM AUTOPERFORANTE T20 HEXALOBE, X 44MM', '123', 'UNIDAD', 10, 30, 1, 1, 'ACTIVO', 0, '15/06/2016', 0, ''),
(1711, 1, 1030570356, 1, 3, '00 0907 4546', 'TORNILLO CORTICAL 4.5MM AUTOPERFORANTE T20 HEXALOBE, X 46MM', '123', 'UNIDAD', 10, 30, 1, 1, 'ACTIVO', 0, '15/06/2016', 0, ''),
(1712, 1, 1030570356, 1, 3, '00 0907 4548', 'TORNILLO CORTICAL 4.5MM AUTOPERFORANTE T20 HEXALOBE, X 48MM', '123', 'UNIDAD', 10, 30, 1, 1, 'ACTIVO', 0, '15/06/2016', 0, ''),
(1713, 1, 1030570356, 1, 3, '00 0907 4550', 'TORNILLO CORTICAL 4.5MM AUTOPERFORANTE T20 HEXALOBE, X 50MM', '123', 'UNIDAD', 10, 30, 1, 1, 'ACTIVO', 0, '15/06/2016', 0, ''),
(1714, 1, 1030570356, 1, 3, '00 0907 4555', 'TORNILLO CORTICAL 4.5MM AUTOPERFORANTE T20 HEXALOBE, X 55MM', '123', 'UNIDAD', 10, 30, 1, 1, 'ACTIVO', 0, '15/06/2016', 0, ''),
(1715, 1, 1030570356, 1, 3, '00 0907 4560', 'TORNILLO CORTICAL 4.5MM AUTOPERFORANTE T20 HEXALOBE, X 60MM', '123', 'UNIDAD', 10, 30, 1, 1, 'ACTIVO', 0, '15/06/2016', 0, ''),
(1716, 1, 1030570356, 1, 3, '00 0907 4565', 'TORNILLO CORTICAL 4.5MM AUTOPERFORANTE T20 HEXALOBE, X 65MM', '123', 'UNIDAD', 10, 30, 1, 1, 'ACTIVO', 0, '15/06/2016', 0, ''),
(1717, 1, 1030570356, 1, 3, '00 0907 4570', 'TORNILLO CORTICAL 4.5MM AUTOPERFORANTE T20 HEXALOBE, X 70MM', '123', 'UNIDAD', 10, 30, 1, 1, 'ACTIVO', 0, '15/06/2016', 0, ''),
(1718, 1, 1030570356, 1, 3, '00 0907 4575', 'TORNILLO CORTICAL 4.5MM AUTOPERFORANTE T20 HEXALOBE, X 75MM', '123', 'UNIDAD', 10, 30, 1, 1, 'ACTIVO', 0, '15/06/2016', 0, ''),
(1719, 1, 1030570356, 1, 3, '00 0907 4580', 'TORNILLO CORTICAL 4.5MM AUTOPERFORANTE T20 HEXALOBE, X 80MM', '123', 'UNIDAD', 10, 30, 1, 1, 'ACTIVO', 0, '15/06/2016', 0, ''),
(1720, 1, 1030570356, 1, 3, '00 0907 4614', 'TORNILLO CORTICAL 4.5MM BLOQUEADO T20 HEXALOBE, X 14MM', '123', 'UNIDAD', 10, 30, 1, 1, 'ACTIVO', 0, '15/06/2016', 0, '');
INSERT INTO `inventario` (`idinventario`, `idbodega`, `ncedula`, `idmarcas`, `idlineas`, `referencia`, `descripcion`, `numerolote`, `tipopresentacion`, `stockminimo`, `stockmaximo`, `precio`, `costo`, `estado`, `saldo`, `fechadevencimiento`, `iva`, `fechamodificado`) VALUES
(1721, 1, 1030570356, 1, 3, '00 0907 4616', 'TORNILLO CORTICAL 4.5MM BLOQUEADO T20 HEXALOBE, X 16MM', '123', 'UNIDAD', 10, 30, 1, 1, 'ACTIVO', 0, '15/06/2016', 0, ''),
(1722, 1, 1030570356, 1, 3, '00 0907 4618', 'TORNILLO CORTICAL 4.5MM BLOQUEADO T20 HEXALOBE, X 18MM', '123', 'UNIDAD', 10, 30, 1, 1, 'ACTIVO', 0, '15/06/2016', 0, ''),
(1723, 1, 1030570356, 1, 3, '00 0907 4620', 'TORNILLO CORTICAL 4.5MM BLOQUEADO T20 HEXALOBE, X 20MM', '123', 'UNIDAD', 10, 30, 1, 1, 'ACTIVO', 0, '15/06/2016', 0, ''),
(1724, 1, 1030570356, 1, 3, '00 0907 4622', 'TORNILLO CORTICAL 4.5MM BLOQUEADO T20 HEXALOBE, X 22MM', '123', 'UNIDAD', 10, 30, 1, 1, 'ACTIVO', 0, '15/06/2016', 0, ''),
(1725, 1, 1030570356, 1, 3, '00 0907 4624', 'TORNILLO CORTICAL 4.5MM BLOQUEADO T20 HEXALOBE, X 24MM', '123', 'UNIDAD', 10, 30, 1, 1, 'ACTIVO', 0, '15/06/2016', 0, ''),
(1726, 1, 1030570356, 1, 3, '00 0907 4626', 'TORNILLO CORTICAL 4.5MM BLOQUEADO T20 HEXALOBE, X 26MM', '123', 'UNIDAD', 10, 30, 1, 1, 'ACTIVO', 0, '15/06/2016', 0, ''),
(1727, 1, 1030570356, 1, 3, '00 0907 4628', 'TORNILLO CORTICAL 4.5MM BLOQUEADO T20 HEXALOBE, X 28MM', '123', 'UNIDAD', 10, 30, 1, 1, 'ACTIVO', 0, '15/06/2016', 0, ''),
(1728, 1, 1030570356, 1, 3, '00 0907 4630', 'TORNILLO CORTICAL 4.5MM BLOQUEADO T20 HEXALOBE, X 30MM', '123', 'UNIDAD', 10, 30, 1, 1, 'ACTIVO', 0, '15/06/2016', 0, ''),
(1729, 1, 1030570356, 1, 3, '00 0907 4632', 'TORNILLO CORTICAL 4.5MM BLOQUEADO T20 HEXALOBE, X 32MM', '123', 'UNIDAD', 10, 30, 1, 1, 'ACTIVO', 0, '15/06/2016', 0, ''),
(1730, 1, 1030570356, 1, 3, '00 0907 4634', 'TORNILLO CORTICAL 4.5MM BLOQUEADO T20 HEXALOBE, X 34MM', '123', 'UNIDAD', 10, 30, 1, 1, 'ACTIVO', 0, '15/06/2016', 0, ''),
(1731, 1, 1030570356, 1, 3, '00 0907 4636', 'TORNILLO CORTICAL 4.5MM BLOQUEADO T20 HEXALOBE, X 36MM', '123', 'UNIDAD', 10, 30, 1, 1, 'ACTIVO', 0, '15/06/2016', 0, ''),
(1732, 1, 1030570356, 1, 3, '00 0907 4638', 'TORNILLO CORTICAL 4.5MM BLOQUEADO T20 HEXALOBE, X 38MM', '123', 'UNIDAD', 10, 30, 1, 1, 'ACTIVO', 0, '15/06/2016', 0, ''),
(1733, 1, 1030570356, 1, 3, '00 0907 4640', 'TORNILLO CORTICAL 4.5MM BLOQUEADO T20 HEXALOBE, X 40MM', '123', 'UNIDAD', 10, 30, 1, 1, 'ACTIVO', 0, '15/06/2016', 0, ''),
(1734, 1, 1030570356, 1, 3, '00 0907 4642', 'TORNILLO CORTICAL 4.5MM BLOQUEADO T20 HEXALOBE, X 42MM', '123', 'UNIDAD', 10, 30, 1, 1, 'ACTIVO', 0, '15/06/2016', 0, ''),
(1735, 1, 1030570356, 1, 3, '00 0907 4644', 'TORNILLO CORTICAL 4.5MM BLOQUEADO T20 HEXALOBE, X 44MM', '123', 'UNIDAD', 10, 30, 1, 1, 'ACTIVO', 0, '15/06/2016', 0, ''),
(1736, 1, 1030570356, 1, 3, '00 0907 4646', 'TORNILLO CORTICAL 4.5MM BLOQUEADO T20 HEXALOBE, X 46MM', '123', 'UNIDAD', 10, 30, 1, 1, 'ACTIVO', 0, '15/06/2016', 0, ''),
(1737, 1, 1030570356, 1, 3, '00 0907 4648', 'TORNILLO CORTICAL 4.5MM BLOQUEADO T20 HEXALOBE, X 48MM', '123', 'UNIDAD', 10, 30, 1, 1, 'ACTIVO', 0, '15/06/2016', 0, ''),
(1738, 1, 1030570356, 1, 3, '00 0907 4650', 'TORNILLO CORTICAL 4.5MM BLOQUEADO T20 HEXALOBE, X 50MM', '123', 'UNIDAD', 10, 30, 1, 1, 'ACTIVO', 0, '15/06/2016', 0, ''),
(1739, 1, 1030570356, 1, 3, '00 0907 4655', 'TORNILLO CORTICAL 4.5MM BLOQUEADO T20 HEXALOBE, X 55MM', '123', 'UNIDAD', 10, 30, 1, 1, 'ACTIVO', 0, '15/06/2016', 0, ''),
(1740, 1, 1030570356, 1, 3, '00 0907 4660', 'TORNILLO CORTICAL 4.5MM BLOQUEADO T20 HEXALOBE, X 60MM', '123', 'UNIDAD', 10, 30, 1, 1, 'ACTIVO', 0, '15/06/2016', 0, ''),
(1741, 1, 1030570356, 1, 3, '00 0907 4665', 'TORNILLO CORTICAL 4.5MM BLOQUEADO T20 HEXALOBE, X 65MM', '123', 'UNIDAD', 10, 30, 1, 1, 'ACTIVO', 0, '15/06/2016', 0, ''),
(1742, 1, 1030570356, 1, 3, '00 0907 4670', 'TORNILLO CORTICAL 4.5MM BLOQUEADO T20 HEXALOBE, X 70MM', '123', 'UNIDAD', 10, 30, 1, 1, 'ACTIVO', 0, '15/06/2016', 0, ''),
(1743, 1, 1030570356, 1, 3, '00 0907 4675', 'TORNILLO CORTICAL 4.5MM BLOQUEADO T20 HEXALOBE, X 75MM', '123', 'UNIDAD', 10, 30, 1, 1, 'ACTIVO', 0, '15/06/2016', 0, ''),
(1744, 1, 1030570356, 1, 3, '00 0907 4680', 'TORNILLO CORTICAL 4.5MM BLOQUEADO T20 HEXALOBE, X 80MM', '123', 'UNIDAD', 10, 30, 1, 1, 'ACTIVO', 0, '15/06/2016', 0, ''),
(1745, 1, 1030570356, 1, 3, '00 0907 4730', 'TORNILLO CANULADO 4.5MM T20 HEXALOBE, X 30MM', '123', 'UNIDAD', 10, 30, 1, 1, 'ACTIVO', 0, '15/06/2016', 0, ''),
(1746, 1, 1030570356, 1, 3, '00 0907 4732', 'TORNILLO CANULADO 4.5MM T20 HEXALOBE, X 32MM', '123', 'UNIDAD', 10, 30, 1, 1, 'ACTIVO', 0, '15/06/2016', 0, ''),
(1747, 1, 1030570356, 1, 3, '00 0907 4734', 'TORNILLO CANULADO 4.5MM T20 HEXALOBE, X 34MM', '123', 'UNIDAD', 10, 30, 1, 1, 'ACTIVO', 0, '15/06/2016', 0, ''),
(1748, 1, 1030570356, 1, 3, '00 0907 4736', 'TORNILLO CANULADO 4.5MM T20 HEXALOBE, X 36MM', '123', 'UNIDAD', 10, 30, 1, 1, 'ACTIVO', 0, '15/06/2016', 0, ''),
(1749, 1, 1030570356, 1, 3, '00 0907 4738', 'TORNILLO CANULADO 4.5MM T20 HEXALOBE, X 38MM', '123', 'UNIDAD', 10, 30, 1, 1, 'ACTIVO', 0, '15/06/2016', 0, ''),
(1750, 1, 1030570356, 1, 3, '00 0907 4740', 'TORNILLO CANULADO 4.5MM T20 HEXALOBE, X 40MM', '123', 'UNIDAD', 10, 30, 1, 1, 'ACTIVO', 0, '15/06/2016', 0, ''),
(1751, 1, 1030570356, 1, 3, '00 0907 4745', 'TORNILLO CANULADO 4.5MM T20 HEXALOBE, X 45MM', '123', 'UNIDAD', 10, 30, 1, 1, 'ACTIVO', 0, '15/06/2016', 0, ''),
(1752, 1, 1030570356, 1, 3, '00 0907 4750', 'TORNILLO CANULADO 4.5MM T20 HEXALOBE, X 50MM', '123', 'UNIDAD', 10, 30, 1, 1, 'ACTIVO', 0, '15/06/2016', 0, ''),
(1753, 1, 1030570356, 1, 3, '00 0907 4755', 'TORNILLO CANULADO 4.5MM T20 HEXALOBE, X 55MM', '123', 'UNIDAD', 10, 30, 1, 1, 'ACTIVO', 0, '15/06/2016', 0, ''),
(1754, 1, 1030570356, 1, 3, '00 0907 4760', 'TORNILLO CANULADO 4.5MM T20 HEXALOBE, X 60MM', '123', 'UNIDAD', 10, 30, 1, 1, 'ACTIVO', 0, '15/06/2016', 0, ''),
(1755, 1, 1030570356, 1, 3, '00 0907 4765', 'TORNILLO CANULADO 4.5MM T20 HEXALOBE, X 65MM', '123', 'UNIDAD', 10, 30, 1, 1, 'ACTIVO', 0, '15/06/2016', 0, ''),
(1756, 1, 1030570356, 1, 3, '00 0907 4770', 'TORNILLO CANULADO 4.5MM T20 HEXALOBE, X 70MM', '123', 'UNIDAD', 10, 30, 1, 1, 'ACTIVO', 0, '15/06/2016', 0, ''),
(1757, 1, 1030570356, 1, 3, '00 0907 4775', 'TORNILLO CANULADO 4.5MM T20 HEXALOBE, X 75MM', '123', 'UNIDAD', 10, 30, 1, 1, 'ACTIVO', 0, '15/06/2016', 0, ''),
(1758, 1, 1030570356, 1, 3, '00 0907 4780', 'TORNILLO CANULADO 4.5MM T20 HEXALOBE, X 80MM', '123', 'UNIDAD', 10, 30, 1, 1, 'ACTIVO', 0, '15/06/2016', 0, ''),
(1759, 1, 1030570356, 1, 6, '01 0907 1170', 'BASE CONTENEDOR IMPLANTES PLACA BLOQUEADA FEMUR PROXIMAL 4.5 ', '123', 'UNIDAD', 10, 30, 1, 1, 'ACTIVO', 0, '15/06/2016', 0, ''),
(1760, 1, 1030570356, 1, 6, '01 0907 1171', 'BANDEJA PLACAS OFFSET BLOQUEADAS FEMUR PROXIMAL 4.5 ', '123', 'UNIDAD', 10, 30, 1, 1, 'ACTIVO', 0, '15/06/2016', 0, ''),
(1761, 1, 1030570356, 1, 6, '01 0907 1172', 'BANDEJA PLACAS BLOQUEADAS FEMUR PROXIMAL 4.5 ', '123', 'UNIDAD', 10, 30, 1, 1, 'ACTIVO', 0, '15/06/2016', 0, ''),
(1762, 1, 1030570356, 1, 6, '01 0907 1175', 'CAJA DE TORNILLOS SISTEMA PLACAS BLOQUEADAS DE FEMUR PROXIMAL 4.5', '123', 'UNIDAD', 10, 30, 1, 1, 'ACTIVO', 0, '15/06/2016', 0, ''),
(1763, 1, 1030570356, 1, 6, '01 0907 1176', 'TAPA CAJA DE TORNILLOS SISTEMA PLACAS BLOQUEADAS FEMUR PROXIMAL 4.5 ', '123', 'UNIDAD', 10, 30, 1, 1, 'ACTIVO', 0, '15/06/2016', 0, ''),
(1764, 1, 1030570356, 1, 3, '00 1071 1030', 'TORNILLO CANULADO 7MM ROSCA COMPLETA X 30MM', '123', 'UNIDAD', 10, 30, 1, 1, 'ACTIVO', 0, '15/06/2016', 0, ''),
(1765, 1, 1030570356, 1, 3, '00 1071 1035', 'TORNILLO CANULADO 7MM ROSCA COMPLETA X 35MM', '123', 'UNIDAD', 10, 30, 1, 1, 'ACTIVO', 0, '15/06/2016', 0, ''),
(1766, 1, 1030570356, 1, 3, '00 1071 1040', 'TORNILLO CANULADO 7MM ROSCA COMPLETA X 40MM', '123', 'UNIDAD', 10, 30, 1, 1, 'ACTIVO', 0, '15/06/2016', 0, ''),
(1767, 1, 1030570356, 1, 3, '00 1071 1045', 'TORNILLO CANULADO 7MM ROSCA COMPLETA X 45MM', '123', 'UNIDAD', 10, 30, 1, 1, 'ACTIVO', 0, '15/06/2016', 0, ''),
(1768, 1, 1030570356, 1, 3, '00 1071 1050', 'TORNILLO CANULADO 7MM ROSCA COMPLETA X 50MM', '123', 'UNIDAD', 10, 30, 1, 1, 'ACTIVO', 0, '15/06/2016', 0, ''),
(1769, 1, 1030570356, 1, 3, '00 1071 1055', 'TORNILLO CANULADO 7MM ROSCA COMPLETA X 55MM', '123', 'UNIDAD', 10, 30, 1, 1, 'ACTIVO', 0, '15/06/2016', 0, ''),
(1770, 1, 1030570356, 1, 3, '00 1071 1060', 'TORNILLO CANULADO 7MM ROSCA COMPLETA X 60MM', '123', 'UNIDAD', 10, 30, 1, 1, 'ACTIVO', 0, '15/06/2016', 0, ''),
(1771, 1, 1030570356, 1, 3, '00 1071 1065', 'TORNILLO CANULADO 7MM ROSCA COMPLETA X 65MM', '123', 'UNIDAD', 10, 30, 1, 1, 'ACTIVO', 0, '15/06/2016', 0, ''),
(1772, 1, 1030570356, 1, 3, '00 1071 1070', 'TORNILLO CANULADO 7MM ROSCA COMPLETA X 70MM', '123', 'UNIDAD', 10, 30, 1, 1, 'ACTIVO', 0, '15/06/2016', 0, ''),
(1773, 1, 1030570356, 1, 3, '00 1071 1075', 'TORNILLO CANULADO 7MM ROSCA COMPLETA X 75MM', '123', 'UNIDAD', 10, 30, 1, 1, 'ACTIVO', 0, '15/06/2016', 0, ''),
(1774, 1, 1030570356, 1, 3, '00 1071 1080', 'TORNILLO CANULADO 7MM ROSCA COMPLETA X 80MM', '123', 'UNIDAD', 10, 30, 1, 1, 'ACTIVO', 0, '15/06/2016', 0, ''),
(1775, 1, 1030570356, 1, 3, '00 1071 1085', 'TORNILLO CANULADO 7MM ROSCA COMPLETA X 85MM', '123', 'UNIDAD', 10, 30, 1, 1, 'ACTIVO', 0, '15/06/2016', 0, ''),
(1776, 1, 1030570356, 1, 3, '00 1071 1090', 'TORNILLO CANULADO 7MM ROSCA COMPLETA X 90MM', '123', 'UNIDAD', 10, 30, 1, 1, 'ACTIVO', 0, '15/06/2016', 0, ''),
(1777, 1, 1030570356, 1, 3, '00 1071 1095', 'TORNILLO CANULADO 7MM ROSCA COMPLETA X 95MM', '123', 'UNIDAD', 10, 30, 1, 1, 'ACTIVO', 0, '15/06/2016', 0, ''),
(1778, 1, 1030570356, 1, 3, '00 1071 1100', 'TORNILLO CANULADO 7MM ROSCA COMPLETA X 100MM', '123', 'UNIDAD', 10, 30, 1, 1, 'ACTIVO', 0, '15/06/2016', 0, ''),
(1779, 1, 1030570356, 1, 3, '00 1071 1105', 'TORNILLO CANULADO 7MM ROSCA COMPLETA X 105MM', '123', 'UNIDAD', 10, 30, 1, 1, 'ACTIVO', 0, '15/06/2016', 0, ''),
(1780, 1, 1030570356, 1, 3, '00 1071 1110', 'TORNILLO CANULADO 7MM ROSCA COMPLETA X 110MM', '123', 'UNIDAD', 10, 30, 1, 1, 'ACTIVO', 0, '15/06/2016', 0, ''),
(1781, 1, 1030570356, 1, 3, '00 1071 1115', 'TORNILLO CANULADO 7MM ROSCA COMPLETA X 115MM', '123', 'UNIDAD', 10, 30, 1, 1, 'ACTIVO', 0, '15/06/2016', 0, ''),
(1782, 1, 1030570356, 1, 3, '00 1071 1120', 'TORNILLO CANULADO 7MM ROSCA COMPLETA X 120MM', '123', 'UNIDAD', 10, 30, 1, 1, 'ACTIVO', 0, '15/06/2016', 0, ''),
(1783, 1, 1030570356, 1, 3, '00 1071 2050', 'TORNILLO CANULADO 7MM ROSCA 32MM X 50MM', '123', 'UNIDAD', 10, 30, 1, 1, 'ACTIVO', 0, '15/06/2016', 0, ''),
(1784, 1, 1030570356, 1, 3, '00 1071 2055', 'TORNILLO CANULADO 7MM ROSCA 32MM X 55MM', '123', 'UNIDAD', 10, 30, 1, 1, 'ACTIVO', 0, '15/06/2016', 0, ''),
(1785, 1, 1030570356, 1, 3, '00 1071 2060', 'TORNILLO CANULADO 7MM ROSCA 32MM X 60MM', '123', 'UNIDAD', 10, 30, 1, 1, 'ACTIVO', 0, '15/06/2016', 0, ''),
(1786, 1, 1030570356, 1, 3, '00 1071 2065', 'TORNILLO CANULADO 7MM ROSCA 32MM X 65MM', '123', 'UNIDAD', 10, 30, 1, 1, 'ACTIVO', 0, '15/06/2016', 0, ''),
(1787, 1, 1030570356, 1, 3, '00 1071 2070', 'TORNILLO CANULADO 7MM ROSCA 32MM X 70MM', '123', 'UNIDAD', 10, 30, 1, 1, 'ACTIVO', 0, '15/06/2016', 0, ''),
(1788, 1, 1030570356, 1, 3, '00 1071 2075', 'TORNILLO CANULADO 7MM ROSCA 32MM X 75MM', '123', 'UNIDAD', 10, 30, 1, 1, 'ACTIVO', 0, '15/06/2016', 0, ''),
(1789, 1, 1030570356, 1, 3, '00 1071 2080', 'TORNILLO CANULADO 7MM ROSCA 32MM X 80MM', '123', 'UNIDAD', 10, 30, 1, 1, 'ACTIVO', 0, '15/06/2016', 0, ''),
(1790, 1, 1030570356, 1, 3, '00 1071 2085', 'TORNILLO CANULADO 7MM ROSCA 32MM X 85MM', '123', 'UNIDAD', 10, 30, 1, 1, 'ACTIVO', 0, '15/06/2016', 0, ''),
(1791, 1, 1030570356, 1, 3, '00 1071 2090', 'TORNILLO CANULADO 7MM ROSCA 32MM X 90MM', '123', 'UNIDAD', 10, 30, 1, 1, 'ACTIVO', 0, '15/06/2016', 0, ''),
(1792, 1, 1030570356, 1, 3, '00 1071 2095', 'TORNILLO CANULADO 7MM ROSCA 32MM X 95MM', '123', 'UNIDAD', 10, 30, 1, 1, 'ACTIVO', 0, '15/06/2016', 0, ''),
(1793, 1, 1030570356, 1, 3, '00 1071 2100', 'TORNILLO CANULADO 7MM ROSCA 32MM X 100MM', '123', 'UNIDAD', 10, 30, 1, 1, 'ACTIVO', 0, '15/06/2016', 0, ''),
(1794, 1, 1030570356, 1, 3, '00 1071 2105', 'TORNILLO CANULADO 7MM ROSCA 32MM X 105MM', '123', 'UNIDAD', 10, 30, 1, 1, 'ACTIVO', 0, '15/06/2016', 0, ''),
(1795, 1, 1030570356, 1, 3, '00 1071 2110', 'TORNILLO CANULADO 7MM ROSCA 32MM X 110MM', '123', 'UNIDAD', 10, 30, 1, 1, 'ACTIVO', 0, '15/06/2016', 0, ''),
(1796, 1, 1030570356, 1, 3, '00 1071 2115', 'TORNILLO CANULADO 7MM ROSCA 32MM X 115MM', '123', 'UNIDAD', 10, 30, 1, 1, 'ACTIVO', 0, '15/06/2016', 0, ''),
(1797, 1, 1030570356, 1, 3, '00 1071 2120', 'TORNILLO CANULADO 7MM ROSCA 32MM X 120MM', '123', 'UNIDAD', 10, 30, 1, 1, 'ACTIVO', 0, '15/06/2016', 0, ''),
(1798, 1, 1030570356, 1, 3, '00 1071 3030', 'TORNILLO CANULADO 7MM ROSCA 16MM X 30MM', '123', 'UNIDAD', 10, 30, 1, 1, 'ACTIVO', 0, '15/06/2016', 0, ''),
(1799, 1, 1030570356, 1, 3, '00 1071 3035', 'TORNILLO CANULADO 7MM ROSCA 16MM X 35MM', '123', 'UNIDAD', 10, 30, 1, 1, 'ACTIVO', 0, '15/06/2016', 0, ''),
(1800, 1, 1030570356, 1, 3, '00 1071 3040', 'TORNILLO CANULADO 7MM ROSCA 16MM X 40MM', '123', 'UNIDAD', 10, 30, 1, 1, 'ACTIVO', 0, '15/06/2016', 0, ''),
(1801, 1, 1030570356, 1, 3, '00 1071 3045', 'TORNILLO CANULADO 7MM ROSCA 16MM X 45MM', '123', 'UNIDAD', 10, 30, 1, 1, 'ACTIVO', 0, '15/06/2016', 0, ''),
(1802, 1, 1030570356, 1, 3, '00 1071 3050', 'TORNILLO CANULADO 7MM ROSCA 16MM X 50MM', '123', 'UNIDAD', 10, 30, 1, 1, 'ACTIVO', 0, '15/06/2016', 0, ''),
(1803, 1, 1030570356, 1, 3, '00 1071 3055', 'TORNILLO CANULADO 7MM ROSCA 16MM X 55MM', '123', 'UNIDAD', 10, 30, 1, 1, 'ACTIVO', 0, '15/06/2016', 0, ''),
(1804, 1, 1030570356, 1, 3, '00 1071 3060', 'TORNILLO CANULADO 7MM ROSCA 16MM X 60MM', '123', 'UNIDAD', 10, 30, 1, 1, 'ACTIVO', 0, '15/06/2016', 0, ''),
(1805, 1, 1030570356, 1, 3, '00 1071 3065', 'TORNILLO CANULADO 7MM ROSCA 16MM X 65MM', '123', 'UNIDAD', 10, 30, 1, 1, 'ACTIVO', 0, '15/06/2016', 0, ''),
(1806, 1, 1030570356, 1, 3, '00 1071 3070', 'TORNILLO CANULADO 7MM ROSCA 16MM X 70MM', '123', 'UNIDAD', 10, 30, 1, 1, 'ACTIVO', 0, '15/06/2016', 0, ''),
(1807, 1, 1030570356, 1, 3, '00 1071 3075', 'TORNILLO CANULADO 7MM ROSCA 16MM X 75MM', '123', 'UNIDAD', 10, 30, 1, 1, 'ACTIVO', 0, '15/06/2016', 0, ''),
(1808, 1, 1030570356, 1, 3, '00 1071 3080', 'TORNILLO CANULADO 7MM ROSCA 16MM X 80MM', '123', 'UNIDAD', 10, 30, 1, 1, 'ACTIVO', 0, '15/06/2016', 0, ''),
(1809, 1, 1030570356, 1, 3, '00 1071 3085', 'TORNILLO CANULADO 7MM ROSCA 16MM X 85MM', '123', 'UNIDAD', 10, 30, 1, 1, 'ACTIVO', 0, '15/06/2016', 0, ''),
(1810, 1, 1030570356, 1, 3, '00 1071 3090', 'TORNILLO CANULADO 7MM ROSCA 16MM X 90MM', '123', 'UNIDAD', 10, 30, 1, 1, 'ACTIVO', 0, '15/06/2016', 0, ''),
(1811, 1, 1030570356, 1, 3, '00 1071 3095', 'TORNILLO CANULADO 7MM ROSCA 16MM X 95MM', '123', 'UNIDAD', 10, 30, 1, 1, 'ACTIVO', 0, '15/06/2016', 0, ''),
(1812, 1, 1030570356, 1, 3, '00 1071 3100', 'TORNILLO CANULADO 7MM ROSCA 16MM X 100MM', '123', 'UNIDAD', 10, 30, 1, 1, 'ACTIVO', 0, '15/06/2016', 0, ''),
(1813, 1, 1030570356, 1, 3, '00 1071 3105', 'TORNILLO CANULADO 7MM ROSCA 16MM X 105MM', '123', 'UNIDAD', 10, 30, 1, 1, 'ACTIVO', 0, '15/06/2016', 0, ''),
(1814, 1, 1030570356, 1, 3, '00 1071 3110', 'TORNILLO CANULADO 7MM ROSCA 16MM X 110MM', '123', 'UNIDAD', 10, 30, 1, 1, 'ACTIVO', 0, '15/06/2016', 0, ''),
(1815, 1, 1030570356, 1, 3, '00 1071 3115', 'TORNILLO CANULADO 7MM ROSCA 16MM X 115MM', '123', 'UNIDAD', 10, 30, 1, 1, 'ACTIVO', 0, '15/06/2016', 0, ''),
(1816, 1, 1030570356, 1, 3, '00 1071 3120', 'TORNILLO CANULADO 7MM ROSCA 16MM X 120MM', '123', 'UNIDAD', 10, 30, 1, 1, 'ACTIVO', 0, '15/06/2016', 0, ''),
(1817, 1, 1030570356, 1, 6, '01 1071 013', 'BROCA CANULADA 4.5MM ', '123', 'UNIDAD', 10, 30, 1, 1, 'ACTIVO', 0, '15/06/2016', 0, ''),
(1818, 1, 1030570356, 1, 6, '01 1071 014', 'TARRAJA CANULADA 7.0MM ', '123', 'UNIDAD', 10, 30, 1, 1, 'ACTIVO', 0, '15/06/2016', 0, ''),
(1819, 1, 1030570356, 1, 6, '01 1071 007', 'ATORNILLADOR 4.5MM ', '123', 'UNIDAD', 10, 30, 1, 1, 'ACTIVO', 0, '15/06/2016', 0, ''),
(1820, 1, 1030570356, 1, 6, '01 1071 006', 'ATORNILLADOR CANULADO 4.5MM ', '123', 'UNIDAD', 10, 30, 1, 1, 'ACTIVO', 0, '15/06/2016', 0, ''),
(1821, 1, 1030570356, 1, 6, '01 1071 015', 'AVELLANADOR CANULADO 7.0MM', '123', 'UNIDAD', 10, 30, 1, 1, 'ACTIVO', 0, '15/06/2016', 0, ''),
(1822, 1, 1030570356, 1, 6, '01 1071 018', 'GU?A DOBLE DE BROCA 4.5MM/ 2.8MM', '123', 'UNIDAD', 10, 30, 1, 1, 'ACTIVO', 0, '15/06/2016', 0, ''),
(1823, 1, 1030570356, 1, 6, '01 1071 010', 'CLIP PORTA-ARANDELAS', '123', 'UNIDAD', 10, 30, 1, 1, 'ACTIVO', 0, '15/06/2016', 0, ''),
(1824, 1, 1030570356, 1, 6, '00 1071 000', 'ARANDELAS PARA TORNILLO CANULADO 7.0', '123', 'UNIDAD', 10, 30, 1, 1, 'ACTIVO', 0, '15/06/2016', 0, ''),
(1825, 1, 1030570356, 1, 6, '01 1071 005', 'MANGO RACHET IN-LINE ', '123', 'UNIDAD', 10, 30, 1, 1, 'ACTIVO', 0, '15/06/2016', 0, ''),
(1826, 1, 1030570356, 1, 6, '01 1071 011', 'PINZA PORTA-TORNILLOS', '123', 'UNIDAD', 10, 30, 1, 1, 'ACTIVO', 0, '15/06/2016', 0, ''),
(1827, 1, 1030570356, 1, 6, '01 1071 020', 'EXTRACTOR DE TORNILLOS', '123', 'UNIDAD', 10, 30, 1, 1, 'ACTIVO', 0, '15/06/2016', 0, ''),
(1828, 1, 1030570356, 1, 6, '01 1071 016', 'VAINA DE SUJECI?N', '123', 'UNIDAD', 10, 30, 1, 1, 'ACTIVO', 0, '15/06/2016', 0, ''),
(1829, 1, 1030570356, 1, 6, '01 1071 019', 'GU?A DE CLAVOS PARALELA, 3 ORIFICIOS', '123', 'UNIDAD', 10, 30, 1, 1, 'ACTIVO', 0, '15/06/2016', 0, ''),
(1830, 1, 1030570356, 1, 6, '01 1071 017', 'MEDIDOR DE PROFUNDIDAD TORNILLOS CANULADOS 7.0MM', '123', 'UNIDAD', 10, 30, 1, 1, 'ACTIVO', 0, '15/06/2016', 0, ''),
(1831, 1, 1030570356, 1, 6, '01 1010 003', 'CEPILLO DE LIMPIEZA 1.75 MM ', '123', 'UNIDAD', 10, 30, 1, 1, 'ACTIVO', 0, '15/06/2016', 0, ''),
(1832, 1, 1030570356, 1, 6, '01 1010 004', 'ESTILETE DE LIMPIEZA 1.6 MM ', '123', 'UNIDAD', 10, 30, 1, 1, 'ACTIVO', 0, '15/06/2016', 0, ''),
(1833, 1, 1030570356, 1, 6, '01 1071 012', 'PIN GU?A CROMO-COBALTO 2.8 MM X 300MM ', '123', 'UNIDAD', 10, 30, 1, 1, 'ACTIVO', 0, '15/06/2016', 0, ''),
(1834, 1, 1030570356, 1, 6, '01 1071 130', 'BANDEJA INTERNA CANULADOS 7.0MM', '123', 'UNIDAD', 10, 30, 1, 1, 'ACTIVO', 0, '15/06/2016', 0, ''),
(1835, 1, 1030570356, 1, 6, '01 1071 131', 'TAPA DE CONTENEDOR CANULADOS 7.0MM', '123', 'UNIDAD', 10, 30, 1, 1, 'ACTIVO', 0, '15/06/2016', 0, ''),
(1836, 1, 1030570356, 1, 6, '01 1071 132', 'CONTENEDOR CANULADOS 7.0M', '123', 'UNIDAD', 10, 30, 1, 1, 'ACTIVO', 0, '15/06/2016', 0, ''),
(1837, 1, 1030570356, 1, 6, '01 1071 133', 'CAJA DE TORNILLOS 7.0MM CORTOS', '123', 'UNIDAD', 10, 30, 1, 1, 'ACTIVO', 0, '15/06/2016', 0, ''),
(1838, 1, 1030570356, 1, 6, '01 1071 134', 'CAJA DE TORNILLOS 7.0MM LARGOS', '123', 'UNIDAD', 10, 30, 1, 1, 'ACTIVO', 0, '15/06/2016', 0, ''),
(1839, 1, 1030570356, 1, 3, '00 1030 210', 'TORNILLO CANULADO ROSCA CORTA 4.0MM X 10 MM ', '123', 'UNIDAD', 10, 30, 1, 1, 'ACTIVO', 0, '15/06/2016', 0, ''),
(1840, 1, 1030570356, 1, 3, '00 1030 212', 'TORNILLO CANULADO ROSCA CORTA 4.0MM X 12 MM ', '123', 'UNIDAD', 10, 30, 1, 1, 'ACTIVO', 0, '15/06/2016', 0, ''),
(1841, 1, 1030570356, 1, 3, '00 1030 214', 'TORNILLO CANULADO ROSCA CORTA 4.0MM X 14 MM ', '123', 'UNIDAD', 10, 30, 1, 1, 'ACTIVO', 0, '15/06/2016', 0, ''),
(1842, 1, 1030570356, 1, 3, '00 1030 216', 'TORNILLO CANULADO ROSCA CORTA 4.0MM X 16 MM ', '123', 'UNIDAD', 10, 30, 1, 1, 'ACTIVO', 0, '15/06/2016', 0, ''),
(1843, 1, 1030570356, 1, 3, '00 1030 218', 'TORNILLO CANULADO ROSCA CORTA 4.0MM X 18 MM ', '123', 'UNIDAD', 10, 30, 1, 1, 'ACTIVO', 0, '15/06/2016', 0, ''),
(1844, 1, 1030570356, 1, 3, '00 1030 220', 'TORNILLO CANULADO ROSCA CORTA 4.0MM X 20 MM ', '123', 'UNIDAD', 10, 30, 1, 1, 'ACTIVO', 0, '15/06/2016', 0, ''),
(1845, 1, 1030570356, 1, 3, '00 1030 222', 'TORNILLO CANULADO ROSCA CORTA 4.0MM X 22 MM ', '123', 'UNIDAD', 10, 30, 1, 1, 'ACTIVO', 0, '15/06/2016', 0, ''),
(1846, 1, 1030570356, 1, 3, '00 1030 224', 'TORNILLO CANULADO ROSCA CORTA 4.0MM X 24 MM ', '123', 'UNIDAD', 10, 30, 1, 1, 'ACTIVO', 0, '15/06/2016', 0, ''),
(1847, 1, 1030570356, 1, 3, '00 1030 226', 'TORNILLO CANULADO ROSCA CORTA 4.0MM X 26 MM ', '123', 'UNIDAD', 10, 30, 1, 1, 'ACTIVO', 0, '15/06/2016', 0, ''),
(1848, 1, 1030570356, 1, 3, '00 1030 228', 'TORNILLO CANULADO ROSCA CORTA 4.0MM X 28 MM ', '123', 'UNIDAD', 10, 30, 1, 1, 'ACTIVO', 0, '15/06/2016', 0, ''),
(1849, 1, 1030570356, 1, 3, '00 1030 230', 'TORNILLO CANULADO ROSCA CORTA 4.0MM X 30 MM ', '123', 'UNIDAD', 10, 30, 1, 1, 'ACTIVO', 0, '15/06/2016', 0, ''),
(1850, 1, 1030570356, 1, 3, '00 1030 232', 'TORNILLO CANULADO ROSCA CORTA 4.0MM X 32 MM ', '123', 'UNIDAD', 10, 30, 1, 1, 'ACTIVO', 0, '15/06/2016', 0, ''),
(1851, 1, 1030570356, 1, 3, '00 1030 234', 'TORNILLO CANULADO ROSCA CORTA 4.0MM X 34 MM ', '123', 'UNIDAD', 10, 30, 1, 1, 'ACTIVO', 0, '15/06/2016', 0, ''),
(1852, 1, 1030570356, 1, 3, '00 1030 236', 'TORNILLO CANULADO ROSCA CORTA 4.0MM X 36 MM ', '123', 'UNIDAD', 10, 30, 1, 1, 'ACTIVO', 0, '15/06/2016', 0, ''),
(1853, 1, 1030570356, 1, 3, '00 1030 238', 'TORNILLO CANULADO ROSCA CORTA 4.0MM X 38 MM ', '123', 'UNIDAD', 10, 30, 1, 1, 'ACTIVO', 0, '15/06/2016', 0, ''),
(1854, 1, 1030570356, 1, 3, '00 1030 240', 'TORNILLO CANULADO ROSCA CORTA 4.0MM X 40 MM ', '123', 'UNIDAD', 10, 30, 1, 1, 'ACTIVO', 0, '15/06/2016', 0, ''),
(1855, 1, 1030570356, 1, 3, '00 1030 242', 'TORNILLO CANULADO ROSCA CORTA 4.0MM X 42 MM ', '123', 'UNIDAD', 10, 30, 1, 1, 'ACTIVO', 0, '15/06/2016', 0, ''),
(1856, 1, 1030570356, 1, 3, '00 1030 244', 'TORNILLO CANULADO ROSCA CORTA 4.0MM X 44 MM ', '123', 'UNIDAD', 10, 30, 1, 1, 'ACTIVO', 0, '15/06/2016', 0, ''),
(1857, 1, 1030570356, 1, 3, '00 1030 246', 'TORNILLO CANULADO ROSCA CORTA 4.0MM X 46 MM ', '123', 'UNIDAD', 10, 30, 1, 1, 'ACTIVO', 0, '15/06/2016', 0, ''),
(1858, 1, 1030570356, 1, 3, '00 1030 248', 'TORNILLO CANULADO ROSCA CORTA 4.0MM X 48 MM ', '123', 'UNIDAD', 10, 30, 1, 1, 'ACTIVO', 0, '15/06/2016', 0, ''),
(1859, 1, 1030570356, 1, 3, '00 1030 250', 'TORNILLO CANULADO ROSCA CORTA 4.0MM X 50 MM ', '123', 'UNIDAD', 10, 30, 1, 1, 'ACTIVO', 0, '15/06/2016', 0, ''),
(1860, 1, 1030570356, 1, 3, '00 1030 252', 'TORNILLO CANULADO ROSCA CORTA 4.0MM X 52 MM ', '123', 'UNIDAD', 10, 30, 1, 1, 'ACTIVO', 0, '15/06/2016', 0, ''),
(1861, 1, 1030570356, 1, 3, '00 1030 254', 'TORNILLO CANULADO ROSCA CORTA 4.0MM X 54 MM ', '123', 'UNIDAD', 10, 30, 1, 1, 'ACTIVO', 0, '15/06/2016', 0, ''),
(1862, 1, 1030570356, 1, 3, '00 1030 256', 'TORNILLO CANULADO ROSCA CORTA 4.0MM X 56 MM ', '123', 'UNIDAD', 10, 30, 1, 1, 'ACTIVO', 0, '15/06/2016', 0, ''),
(1863, 1, 1030570356, 1, 3, '00 1030 258', 'TORNILLO CANULADO ROSCA CORTA 4.0MM X 58 MM ', '123', 'UNIDAD', 10, 30, 1, 1, 'ACTIVO', 0, '15/06/2016', 0, ''),
(1864, 1, 1030570356, 1, 3, '00 1030 260', 'TORNILLO CANULADO ROSCA CORTA 4.0MM X 60 MM ', '123', 'UNIDAD', 10, 30, 1, 1, 'ACTIVO', 0, '15/06/2016', 0, ''),
(1865, 1, 1030570356, 1, 3, '00 1030 265', 'TORNILLO CANULADO ROSCA CORTA 4.0MM X 65 MM ', '123', 'UNIDAD', 10, 30, 1, 1, 'ACTIVO', 0, '15/06/2016', 0, ''),
(1866, 1, 1030570356, 1, 3, '00 1030 270', 'TORNILLO CANULADO ROSCA CORTA 4.0MM X 70 MM ', '123', 'UNIDAD', 10, 30, 1, 1, 'ACTIVO', 0, '15/06/2016', 0, ''),
(1867, 1, 1030570356, 1, 3, '00 1030 030', 'TORNILLO CANULADO ROSCA MEDIA 4.0MM X 30 MM ', '123', 'UNIDAD', 10, 30, 1, 1, 'ACTIVO', 0, '15/06/2016', 0, ''),
(1868, 1, 1030570356, 1, 3, '00 1030 032', 'TORNILLO CANULADO ROSCA MEDIA 4.0MM X 32 MM ', '123', 'UNIDAD', 10, 30, 1, 1, 'ACTIVO', 0, '15/06/2016', 0, ''),
(1869, 1, 1030570356, 1, 3, '00 1030 034', 'TORNILLO CANULADO ROSCA MEDIA 4.0MM X 34 MM ', '123', 'UNIDAD', 10, 30, 1, 1, 'ACTIVO', 0, '15/06/2016', 0, ''),
(1870, 1, 1030570356, 1, 3, '00 1030 036', 'TORNILLO CANULADO ROSCA MEDIA 4.0MM X 36 MM ', '123', 'UNIDAD', 10, 30, 1, 1, 'ACTIVO', 0, '15/06/2016', 0, ''),
(1871, 1, 1030570356, 1, 3, '00 1030 038', 'TORNILLO CANULADO ROSCA MEDIA 4.0MM X 38 MM ', '123', 'UNIDAD', 10, 30, 1, 1, 'ACTIVO', 0, '15/06/2016', 0, ''),
(1872, 1, 1030570356, 1, 3, '00 1030 040', 'TORNILLO CANULADO ROSCA MEDIA 4.0MM X 40 MM ', '123', 'UNIDAD', 10, 30, 1, 1, 'ACTIVO', 0, '15/06/2016', 0, ''),
(1873, 1, 1030570356, 1, 3, '00 1030 042', 'TORNILLO CANULADO ROSCA MEDIA 4.0MM X 42 MM ', '123', 'UNIDAD', 10, 30, 1, 1, 'ACTIVO', 0, '15/06/2016', 0, ''),
(1874, 1, 1030570356, 1, 3, '00 1030 044', 'TORNILLO CANULADO ROSCA MEDIA 4.0MM X 44 MM ', '123', 'UNIDAD', 10, 30, 1, 1, 'ACTIVO', 0, '15/06/2016', 0, ''),
(1875, 1, 1030570356, 1, 3, '00 1030 046', 'TORNILLO CANULADO ROSCA MEDIA 4.0MM X 46 MM ', '123', 'UNIDAD', 10, 30, 1, 1, 'ACTIVO', 0, '15/06/2016', 0, ''),
(1876, 1, 1030570356, 1, 3, '00 1030 048', 'TORNILLO CANULADO ROSCA MEDIA 4.0MM X 48 MM ', '123', 'UNIDAD', 10, 30, 1, 1, 'ACTIVO', 0, '15/06/2016', 0, ''),
(1877, 1, 1030570356, 1, 3, '00 1030 050', 'TORNILLO CANULADO ROSCA MEDIA 4.0MM X 50 MM ', '123', 'UNIDAD', 10, 30, 1, 1, 'ACTIVO', 0, '15/06/2016', 0, ''),
(1878, 1, 1030570356, 1, 3, '00 1030 052', 'TORNILLO CANULADO ROSCA MEDIA 4.0MM X 52 MM ', '123', 'UNIDAD', 10, 30, 1, 1, 'ACTIVO', 0, '15/06/2016', 0, ''),
(1879, 1, 1030570356, 1, 3, '00 1030 054', 'TORNILLO CANULADO ROSCA MEDIA 4.0MM X 54 MM ', '123', 'UNIDAD', 10, 30, 1, 1, 'ACTIVO', 0, '15/06/2016', 0, ''),
(1880, 1, 1030570356, 1, 3, '00 1030 056', 'TORNILLO CANULADO ROSCA MEDIA 4.0MM X 56 MM ', '123', 'UNIDAD', 10, 30, 1, 1, 'ACTIVO', 0, '15/06/2016', 0, ''),
(1881, 1, 1030570356, 1, 3, '00 1030 058', 'TORNILLO CANULADO ROSCA MEDIA 4.0MM X 58 MM ', '123', 'UNIDAD', 10, 30, 1, 1, 'ACTIVO', 0, '15/06/2016', 0, ''),
(1882, 1, 1030570356, 1, 3, '00 1030 060', 'TORNILLO CANULADO ROSCA MEDIA 4.0MM X 60 MM ', '123', 'UNIDAD', 10, 30, 1, 1, 'ACTIVO', 0, '15/06/2016', 0, ''),
(1883, 1, 1030570356, 1, 3, '00 1030 065', 'TORNILLO CANULADO ROSCA MEDIA 4.0MM X 65 MM ', '123', 'UNIDAD', 10, 30, 1, 1, 'ACTIVO', 0, '15/06/2016', 0, ''),
(1884, 1, 1030570356, 1, 3, '00 1030 070', 'TORNILLO CANULADO ROSCA MEDIA 4.0MM X 70 MM ', '123', 'UNIDAD', 10, 30, 1, 1, 'ACTIVO', 0, '15/06/2016', 0, ''),
(1885, 1, 1030570356, 1, 3, '00 1030 120', 'TORNILLO CANULADO ROSCA COMPLETA 4.0MM X 20 MM', '123', 'UNIDAD', 10, 30, 1, 1, 'ACTIVO', 0, '15/06/2016', 0, ''),
(1886, 1, 1030570356, 1, 3, '00 1030 122', 'TORNILLO CANULADO ROSCA COMPLETA 4.0MM X 22 MM', '123', 'UNIDAD', 10, 30, 1, 1, 'ACTIVO', 0, '15/06/2016', 0, ''),
(1887, 1, 1030570356, 1, 3, '00 1030 124', 'TORNILLO CANULADO ROSCA COMPLETA 4.0MM X 24 MM', '123', 'UNIDAD', 10, 30, 1, 1, 'ACTIVO', 0, '15/06/2016', 0, ''),
(1888, 1, 1030570356, 1, 3, '00 1030 126', 'TORNILLO CANULADO ROSCA COMPLETA 4.0MM X 26 MM', '123', 'UNIDAD', 10, 30, 1, 1, 'ACTIVO', 0, '15/06/2016', 0, ''),
(1889, 1, 1030570356, 1, 3, '00 1030 128', 'TORNILLO CANULADO ROSCA COMPLETA 4.0MM X 28 MM', '123', 'UNIDAD', 10, 30, 1, 1, 'ACTIVO', 0, '15/06/2016', 0, ''),
(1890, 1, 1030570356, 1, 3, '00 1030 130', 'TORNILLO CANULADO ROSCA COMPLETA 4.0MM X 30 MM', '123', 'UNIDAD', 10, 30, 1, 1, 'ACTIVO', 0, '15/06/2016', 0, ''),
(1891, 1, 1030570356, 1, 3, '00 1030 135', 'TORNILLO CANULADO ROSCA COMPLETA 4.0MM X 35 MM', '123', 'UNIDAD', 10, 30, 1, 1, 'ACTIVO', 0, '15/06/2016', 0, ''),
(1892, 1, 1030570356, 1, 3, '00 1030 140', 'TORNILLO CANULADO ROSCA COMPLETA 4.0MM X 40 MM', '123', 'UNIDAD', 10, 30, 1, 1, 'ACTIVO', 0, '15/06/2016', 0, ''),
(1893, 1, 1030570356, 1, 3, '00 1030 145', 'TORNILLO CANULADO ROSCA COMPLETA 4.0MM X 45 MM', '123', 'UNIDAD', 10, 30, 1, 1, 'ACTIVO', 0, '15/06/2016', 0, ''),
(1894, 1, 1030570356, 1, 3, '00 1030 150', 'TORNILLO CANULADO ROSCA COMPLETA 4.0MM X 50 MM', '123', 'UNIDAD', 10, 30, 1, 1, 'ACTIVO', 0, '15/06/2016', 0, ''),
(1895, 1, 1030570356, 1, 3, '00 1030 155', 'TORNILLO CANULADO ROSCA COMPLETA 4.0MM X 55 MM', '123', 'UNIDAD', 10, 30, 1, 1, 'ACTIVO', 0, '15/06/2016', 0, ''),
(1896, 1, 1030570356, 1, 3, '00 1030 160', 'TORNILLO CANULADO ROSCA COMPLETA 4.0MM X 60 MM', '123', 'UNIDAD', 10, 30, 1, 1, 'ACTIVO', 0, '15/06/2016', 0, ''),
(1897, 1, 1030570356, 1, 3, '00 1030 165', 'TORNILLO CANULADO ROSCA COMPLETA 4.0MM X 65 MM', '123', 'UNIDAD', 10, 30, 1, 1, 'ACTIVO', 0, '15/06/2016', 0, ''),
(1898, 1, 1030570356, 1, 3, '00 1030 170', 'TORNILLO CANULADO ROSCA COMPLETA 4.0MM X 70 MM', '123', 'UNIDAD', 10, 30, 1, 1, 'ACTIVO', 0, '15/06/2016', 0, ''),
(1899, 1, 1030570356, 1, 6, '00 1030 000', 'ARANDELAS PARA TORNILLOS CANULADOS 4.0', '123', 'UNIDAD', 10, 30, 1, 1, 'ACTIVO', 0, '15/06/2016', 0, ''),
(1900, 1, 1030570356, 1, 6, '01 1030 006', 'PIN GU?A CROMO-COBALTO', '123', 'UNIDAD', 10, 30, 1, 1, 'ACTIVO', 0, '15/06/2016', 0, ''),
(1901, 1, 1030570356, 1, 6, '01 1030 001', 'MINI-MANGO RATCHET  IN-LINE ', '123', 'UNIDAD', 10, 30, 1, 1, 'ACTIVO', 0, '15/06/2016', 0, ''),
(1902, 1, 1030570356, 1, 6, '01 1030 002', 'ATORNILLADOR CANULADO AO 2.5 ', '123', 'UNIDAD', 10, 30, 1, 1606, 'ACTIVO', -996, '15/06/2016', 0, ''),
(1903, 1, 1030570356, 1, 6, '01 1030 016', 'ATORNILLADOR CANULADO AO 2.5 ', '123', 'UNIDAD', 10, 30, 1, 1, 'ACTIVO', 0, '15/06/2016', 0, ''),
(1904, 1, 1030570356, 1, 6, '01 1030 011', 'CEPILLO DE LIMPIEZA', '123', 'UNIDAD', 10, 30, 1, 1, 'ACTIVO', 0, '15/06/2016', 0, ''),
(1905, 1, 1030570356, 1, 6, '01 1030 010', 'ESTILETE DE LIMPIEZA', '123', 'UNIDAD', 10, 30, 1, 1, 'ACTIVO', 0, '15/06/2016', 0, ''),
(1906, 1, 1030570356, 1, 6, '01 1030 008', 'CLIP PORTA- ARANDELAS', '123', 'UNIDAD', 10, 30, 1, 1, 'ACTIVO', 0, '15/06/2016', 0, ''),
(1907, 1, 1030570356, 1, 6, '01 1030 007', 'PINZA PORTA-TORNILLOS', '123', 'UNIDAD', 10, 30, 1, 1, 'ACTIVO', 0, '15/06/2016', 0, ''),
(1908, 1, 1030570356, 1, 6, '01 1030 003', 'BROCA CANULADA 2.7MM', '123', 'UNIDAD', 10, 30, 1, 1, 'ACTIVO', 0, '15/06/2016', 0, ''),
(1909, 1, 1030570356, 1, 6, '01 1030 004', 'AVELLANADOR CANULADO AO ', '123', 'UNIDAD', 10, 30, 1, 1, 'ACTIVO', 0, '15/06/2016', 0, ''),
(1910, 1, 1030570356, 1, 6, '01 1030 005', 'TARRAJA CANULADA 4.0MM AO ', '123', 'UNIDAD', 10, 30, 1, 1, 'ACTIVO', 0, '15/06/2016', 0, ''),
(1911, 1, 1030570356, 1, 6, '01 1030 012', 'VAINA DE SUJECI?N', '123', 'UNIDAD', 10, 30, 1, 1, 'ACTIVO', 0, '15/06/2016', 0, ''),
(1912, 1, 1030570356, 1, 6, '01 1030 009', 'MEDIDOR DE PROFUNDIDAD TORNILLOS CANULADOS 4.0', '123', 'UNIDAD', 10, 30, 1, 1, 'ACTIVO', 0, '15/06/2016', 0, ''),
(1913, 1, 1030570356, 1, 6, '01 1030 013', 'GU?A DOBLE DE BROCA 2.7MM/1.25MM', '123', 'UNIDAD', 10, 30, 1, 1, 'ACTIVO', 0, '15/06/2016', 0, ''),
(1914, 1, 1030570356, 1, 6, '01 1030 015', 'EXTRACTOR DE TORNILLOS', '123', 'UNIDAD', 10, 30, 1, 1, 'ACTIVO', 0, '15/06/2016', 0, ''),
(1915, 1, 1030570356, 1, 6, '01 1030 014', 'CONTENEDOR TORNILLOS CANULADOS 4.0MM', '123', 'UNIDAD', 10, 30, 1, 1, 'ACTIVO', 0, '15/06/2016', 0, ''),
(1916, 1, 1030570356, 1, 6, '01 1030 018', 'CAJA DE TORNILLOS CANULADOS 4.0MM', '123', 'UNIDAD', 10, 30, 1, 1, 'ACTIVO', 0, '15/06/2016', 0, ''),
(1917, 1, 1030570356, 1, 6, '01 1030 019', 'TAPA CONTENEDOR TORNILLOS CANULADOS 4.0MM', '123', 'UNIDAD', 10, 30, 1, 1, 'ACTIVO', 0, '15/06/2016', 0, '');

-- --------------------------------------------------------

--
-- Estructura de tabla para la tabla `kardex`
--

CREATE TABLE `kardex` (
  `idkardex` int(11) NOT NULL,
  `producto` int(11) NOT NULL,
  `documento` varchar(45) NOT NULL COMMENT 'numero de documento de venta,compra,ajuste,remision,salida,todo_tipo_de_doc',
  `fecha_creacion_documento` varchar(45) NOT NULL,
  `hora_creacion_documento` varchar(45) NOT NULL,
  `bodega_salida` int(11) NOT NULL,
  `bodega_entrada` int(11) NOT NULL,
  `usuario_salida` int(11) NOT NULL,
  `cantidad` float NOT NULL,
  `precio` float NOT NULL,
  `costo` float NOT NULL,
  `cliente` int(11) NOT NULL,
  `saldo_anterior` float NOT NULL,
  `entrada` float NOT NULL,
  `salida` float NOT NULL,
  `saldo_nuevo` float NOT NULL,
  `concepto` varchar(45) NOT NULL COMMENT 'venta,compra,ajuste,remision,salida,todo_tipo_de_doc',
  `signo` varchar(45) NOT NULL COMMENT 'negativo,positivo'
) ENGINE=InnoDB DEFAULT CHARSET=utf8;

--
-- Volcado de datos para la tabla `kardex`
--

INSERT INTO `kardex` (`idkardex`, `producto`, `documento`, `fecha_creacion_documento`, `hora_creacion_documento`, `bodega_salida`, `bodega_entrada`, `usuario_salida`, `cantidad`, `precio`, `costo`, `cliente`, `saldo_anterior`, `entrada`, `salida`, `saldo_nuevo`, `concepto`, `signo`) VALUES
(2, 7, 'R17', '2016-06-22', '21:15:41', 1, 1030570356, 0, 10, 1, 76.0126, 1030570356, 3538, 0, 10, 3528, 'REMISION', '-'),
(3, 7, 'R17', '2016-06-22', '21:15:41', 1, 1030570356, 0, 20, 1, 76.0126, 1030570356, 3528, 0, 20, 3508, 'REMISION', '-'),
(4, 7, 'O23', '2016-06-22', '21:22:24', 1, 1030570356, 0, 10, 0, 76.0126, 1030570356, 3508, 10, 10, 3508, 'ORDEN', '-'),
(5, 7, 'O23', '2016-06-22', '21:22:24', 1, 1030570356, 0, 20, 0, 76.0126, 1030570356, 3508, 20, 20, 3508, 'ORDEN', '-'),
(6, 9, 'C787', '2016-06-22', '21:26:01', 1023911054, 1, 0, 100, 500, 875, 1023911054, 20, 100, 0, 120, 'COMPRA', '+'),
(7, 7, 'H89', '2016-06-22', '21:28:35', 1, 1030570356, 0, 10, 1000, 76.0126, 1030570356, 3508, 0, 10, 3498, 'HOJADEGASTO', '-'),
(8, 7, 'H89', '2016-06-22', '21:28:35', 1, 1030570356, 0, 30, 1000, 76.0126, 1030570356, 3508, 0, 30, 3478, 'HOJADEGASTO', '-'),
(9, 7, 'R18', '2016-06-23', '23:36:25', 1, 1030570356, 0, 10, 1, 76.0126, 1030570356, 3508, 0, 10, 3498, 'REMISION', '-'),
(10, 7, 'R18', '2016-06-23', '23:36:25', 1, 1030570356, 0, 20, 1, 76.0126, 1030570356, 3498, 0, 20, 3478, 'REMISION', '-'),
(11, 7, 'R19', '2016-06-23', '23:43:46', 1, 1030570356, 0, 10, 1, 76.0126, 1030570356, 3478, 0, 10, 3468, 'REMISION', '-'),
(12, 7, 'R19', '2016-06-23', '23:43:46', 1, 1030570356, 0, 20, 1, 76.0126, 1030570356, 3468, 0, 20, 3448, 'REMISION', '-'),
(13, 7, 'R20', '2016-06-23', '23:46:31', 1, 1030570356, 1030570356, 10, 1, 76.0126, 1030570356, 3448, 0, 10, 3438, 'REMISION', '-'),
(14, 7, 'R20', '2016-06-23', '23:46:31', 1, 1030570356, 1030570356, 20, 1, 76.0126, 1030570356, 3438, 0, 20, 3418, 'REMISION', '-');

-- --------------------------------------------------------

--
-- Estructura de tabla para la tabla `lineas`
--

CREATE TABLE `lineas` (
  `idlineas` int(15) NOT NULL,
  `nombre` varchar(15) COLLATE latin1_spanish_ci NOT NULL,
  `descripcion` varchar(100) COLLATE latin1_spanish_ci NOT NULL
) ENGINE=InnoDB DEFAULT CHARSET=latin1 COLLATE=latin1_spanish_ci;

--
-- Volcado de datos para la tabla `lineas`
--

INSERT INTO `lineas` (`idlineas`, `nombre`, `descripcion`) VALUES
(1, 'LINEA1', 'LINEA1'),
(2, 'LINEA2', 'LINEA2'),
(3, 'LINEA3', 'LINEA3'),
(4, 'LINEA4', 'LINEA4'),
(5, 'LINEA5', 'LINEA5'),
(6, 'BIOMATERIALES ', 'Biomateriales '),
(7, 'LINEA7', 'LINEA7');

-- --------------------------------------------------------

--
-- Estructura de tabla para la tabla `marcas`
--

CREATE TABLE `marcas` (
  `idmarcas` int(15) NOT NULL,
  `idtercero` int(15) NOT NULL,
  `nombre` varchar(15) COLLATE latin1_spanish_ci NOT NULL,
  `descripcion` varchar(100) COLLATE latin1_spanish_ci NOT NULL
) ENGINE=InnoDB DEFAULT CHARSET=latin1 COLLATE=latin1_spanish_ci;

--
-- Volcado de datos para la tabla `marcas`
--

INSERT INTO `marcas` (`idmarcas`, `idtercero`, `nombre`, `descripcion`) VALUES
(1, 1, 'GENERICA', 'OTRAS MARCAS');

-- --------------------------------------------------------

--
-- Estructura de tabla para la tabla `observaciones`
--

CREATE TABLE `observaciones` (
  `id_observacion` int(11) NOT NULL,
  `idusuario` int(11) NOT NULL,
  `documento` varchar(15) COLLATE latin1_spanish_ci NOT NULL,
  `observacion` varchar(700) COLLATE latin1_spanish_ci NOT NULL,
  `fecha` varchar(15) COLLATE latin1_spanish_ci NOT NULL
) ENGINE=InnoDB DEFAULT CHARSET=latin1 COLLATE=latin1_spanish_ci;

--
-- Volcado de datos para la tabla `observaciones`
--

INSERT INTO `observaciones` (`id_observacion`, `idusuario`, `documento`, `observacion`, `fecha`) VALUES
(1, 1, '1', '1', '1'),
(2, 1030570356, 'Seleccione Docu', '', '2016-06-21'),
(3, 1030570356, 'Seleccione Docu', '', '2016-06-21'),
(4, 1030570356, 'C89', 'esta totalmente aprobado este documento', '2016-06-21'),
(5, 1030570356, 'C89', 'esta totalmente aprobado este documento', '2016-06-21'),
(6, 1030570356, 'O89', 'este documento ya esta aprobado ', '2016-06-21'),
(7, 1030570356, 'R15', 'este ya fue aprobada ', '2016-06-21'),
(8, 1030570356, 'O11', 'esta aun esta en proceso ', '2016-06-21');

-- --------------------------------------------------------

--
-- Estructura de tabla para la tabla `pacientes`
--

CREATE TABLE `pacientes` (
  `idpaciente` int(15) NOT NULL,
  `nombrecirujano` varchar(20) COLLATE latin1_spanish_ci NOT NULL,
  `nombrepaciente` varchar(20) COLLATE latin1_spanish_ci NOT NULL,
  `numerodecedulapaciente` int(15) NOT NULL,
  `historiaclinica` varchar(20) COLLATE latin1_spanish_ci NOT NULL,
  `fechacirujia` varchar(15) COLLATE latin1_spanish_ci NOT NULL,
  `fechamodificado` varchar(15) COLLATE latin1_spanish_ci NOT NULL
) ENGINE=InnoDB DEFAULT CHARSET=latin1 COLLATE=latin1_spanish_ci;

--
-- Volcado de datos para la tabla `pacientes`
--

INSERT INTO `pacientes` (`idpaciente`, `nombrecirujano`, `nombrepaciente`, `numerodecedulapaciente`, `historiaclinica`, `fechacirujia`, `fechamodificado`) VALUES
(70, 'OSMED', 'OSMED', 2016, '2016', '15/06/2016', ''),
(71, 'ORLAN', 'FER', 123465, '123456', '2016-06-16', ''),
(72, '', '', 0, '', '', ''),
(73, 'ALEJO', 'DAVID', 12346, '15645', '2016-06-18', ''),
(74, 'ALE', 'DAB', 1235, '456', '2016-06-17', ''),
(75, 'nombre2', 'nombre1', 1030570356, '1030270356', '2016-12-31', ''),
(76, '123', '123', 1030570356, '123', '2016-12-31', ''),
(77, 'RICARDO', 'CAMILO', 12367, '34556', '2016-06-24', ''),
(78, '123', '123', 1030570356, '456456', '2016-12-31', '');

-- --------------------------------------------------------

--
-- Estructura de tabla para la tabla `pedidos`
--

CREATE TABLE `pedidos` (
  `idpedido` int(15) NOT NULL,
  `referencia` varchar(30) COLLATE latin1_spanish_ci NOT NULL,
  `nombre` varchar(15) COLLATE latin1_spanish_ci NOT NULL,
  `cantidad` int(15) NOT NULL,
  `fechapedido` varchar(20) COLLATE latin1_spanish_ci NOT NULL,
  `estado` varchar(20) COLLATE latin1_spanish_ci NOT NULL,
  `idusuario` int(15) NOT NULL,
  `observaciones` varchar(100) COLLATE latin1_spanish_ci NOT NULL
) ENGINE=InnoDB DEFAULT CHARSET=latin1 COLLATE=latin1_spanish_ci;

-- --------------------------------------------------------

--
-- Estructura de tabla para la tabla `remision`
--

CREATE TABLE `remision` (
  `idremision` int(15) NOT NULL,
  `idsalida` int(15) NOT NULL,
  `idbodega` int(15) NOT NULL,
  `idpaciente` int(15) NOT NULL,
  `idusuario` int(15) NOT NULL,
  `idclientes` int(15) NOT NULL,
  `fecha` varchar(15) COLLATE latin1_spanish_ci NOT NULL,
  `subtotal` int(15) NOT NULL,
  `iva` int(15) NOT NULL,
  `descuento` int(15) NOT NULL,
  `fletes` int(15) NOT NULL,
  `estado` varchar(15) COLLATE latin1_spanish_ci NOT NULL,
  `retefuente` varchar(15) COLLATE latin1_spanish_ci NOT NULL,
  `total` int(15) NOT NULL,
  `documento` varchar(20) COLLATE latin1_spanish_ci NOT NULL,
  `observacioneliminado` varchar(250) COLLATE latin1_spanish_ci DEFAULT NULL
) ENGINE=InnoDB DEFAULT CHARSET=latin1 COLLATE=latin1_spanish_ci;

-- --------------------------------------------------------

--
-- Estructura de tabla para la tabla `salidadeinventario`
--

CREATE TABLE `salidadeinventario` (
  `idsalida` int(15) NOT NULL,
  `idinventario` int(15) NOT NULL,
  `idkit` varchar(15) COLLATE latin1_spanish_ci NOT NULL,
  `cantidad` int(15) NOT NULL,
  `precio` int(15) NOT NULL,
  `tipo` varchar(15) COLLATE latin1_spanish_ci NOT NULL,
  `lote` varchar(15) COLLATE latin1_spanish_ci DEFAULT NULL
) ENGINE=InnoDB DEFAULT CHARSET=latin1 COLLATE=latin1_spanish_ci;

--
-- Volcado de datos para la tabla `salidadeinventario`
--

INSERT INTO `salidadeinventario` (`idsalida`, `idinventario`, `idkit`, `cantidad`, `precio`, `tipo`, `lote`) VALUES
(3, 1551, 'KIT1', 80, 9000, 'KIT', NULL),
(4, 1269, 'KIT1', 5, 4000, 'KIT', NULL),
(5, 1902, 'KIT1', 8, 3211, 'KIT', NULL),
(6, 1370, 'KIT2', 2, 0, 'KIT', NULL),
(7, 1899, 'KIT2', 3, 0, 'KIT', NULL),
(8, 1551, 'KIT2', 10, 5000, 'KIT', NULL);

-- --------------------------------------------------------

--
-- Estructura de tabla para la tabla `terceros`
--

CREATE TABLE `terceros` (
  `idclientes` int(15) NOT NULL,
  `departamento` int(15) NOT NULL,
  `ciudad` int(15) NOT NULL,
  `nombre` varchar(15) COLLATE latin1_spanish_ci NOT NULL,
  `institucion` varchar(15) COLLATE latin1_spanish_ci NOT NULL,
  `nit` varchar(20) COLLATE latin1_spanish_ci NOT NULL,
  `telefono` varchar(15) COLLATE latin1_spanish_ci NOT NULL,
  `correo` varchar(20) COLLATE latin1_spanish_ci NOT NULL,
  `direccion` varchar(20) COLLATE latin1_spanish_ci NOT NULL,
  `celular` varchar(20) COLLATE latin1_spanish_ci NOT NULL,
  `estado` varchar(11) COLLATE latin1_spanish_ci NOT NULL,
  `contacto_directo` varchar(15) COLLATE latin1_spanish_ci NOT NULL,
  `sede` varchar(15) COLLATE latin1_spanish_ci NOT NULL,
  `tipo` varchar(15) COLLATE latin1_spanish_ci NOT NULL,
  `calificacion` varchar(15) COLLATE latin1_spanish_ci NOT NULL,
  `bodega` varchar(15) COLLATE latin1_spanish_ci NOT NULL,
  `fechamodificado` varchar(15) COLLATE latin1_spanish_ci NOT NULL
) ENGINE=InnoDB DEFAULT CHARSET=latin1 COLLATE=latin1_spanish_ci;

--
-- Volcado de datos para la tabla `terceros`
--

INSERT INTO `terceros` (`idclientes`, `departamento`, `ciudad`, `nombre`, `institucion`, `nit`, `telefono`, `correo`, `direccion`, `celular`, `estado`, `contacto_directo`, `sede`, `tipo`, `calificacion`, `bodega`, `fechamodificado`) VALUES
(1, 3, 149, 'ALEJANDRO ', 'WAKUSOFT', '1030570356', '3219045297', 'WAKUSOFT@GMAIL.COM', 'CL 38 A 50 A 71 SUR', '3219045297', 'ACTIVO', 'ALEJANDRO', 'SUR', 'PROVEEDOR', '3', '1', ''),
(9, 3, 149, 'DAVID', 'SISTEMAS', '1023911054', '2356487', 'WAKUSOFT@GMAIL.COM', 'CR 7 # 7 16', '3202605639', 'ACTIVO', 'DAVID', 'CENTRO MAYOR', 'CLIENTE', 'A', '1023911054', '');

-- --------------------------------------------------------

--
-- Estructura de tabla para la tabla `tipousuario`
--

CREATE TABLE `tipousuario` (
  `idtipousuario` int(15) NOT NULL,
  `tipo` varchar(15) COLLATE latin1_spanish_ci NOT NULL,
  `descripcion` varchar(100) COLLATE latin1_spanish_ci NOT NULL
) ENGINE=InnoDB DEFAULT CHARSET=latin1 COLLATE=latin1_spanish_ci;

--
-- Volcado de datos para la tabla `tipousuario`
--

INSERT INTO `tipousuario` (`idtipousuario`, `tipo`, `descripcion`) VALUES
(1, 'ADMINISTRADOR', 'admin'),
(2, 'USUARIO', 'usuario'),
(3, 'INVENTARIO', 'inventario'),
(4, 'COMERCIAL', 'vendedores ');

-- --------------------------------------------------------

--
-- Estructura de tabla para la tabla `usuarios`
--

CREATE TABLE `usuarios` (
  `ncedula` int(15) NOT NULL,
  `iddepartamento` int(15) NOT NULL,
  `idciudad` int(15) NOT NULL,
  `tipousuario` int(15) NOT NULL,
  `nombre` varchar(15) COLLATE latin1_spanish_ci NOT NULL,
  `apellido` varchar(15) COLLATE latin1_spanish_ci NOT NULL,
  `cargo` varchar(15) COLLATE latin1_spanish_ci NOT NULL,
  `ntelefono` varchar(15) COLLATE latin1_spanish_ci NOT NULL,
  `clave` varchar(15) COLLATE latin1_spanish_ci NOT NULL,
  `estado` varchar(10) COLLATE latin1_spanish_ci NOT NULL
) ENGINE=InnoDB DEFAULT CHARSET=latin1 COLLATE=latin1_spanish_ci;

--
-- Volcado de datos para la tabla `usuarios`
--

INSERT INTO `usuarios` (`ncedula`, `iddepartamento`, `idciudad`, `tipousuario`, `nombre`, `apellido`, `cargo`, `ntelefono`, `clave`, `estado`) VALUES
(53055373, 3, 149, 1, 'JENNY', 'LOAIZA', 'DIRECTORA', '2884041', '1234', 'ACTIVO'),
(79596152, 3, 149, 1, 'LUIS MIGUEL ', 'MARROQUIN ', 'GERENTE ', '2884041', '1234', 'ACTIVO'),
(80248331, 3, 149, 2, 'ANDRES', 'ORTIZ', 'coordinador bod', '3004188660', '80248331', 'ACTIVO'),
(528791662, 3, 149, 2, 'alva maria', 'valbuena', 'axuliar de bode', '3193551016', 'laurarogert', 'ACTIVO'),
(1023911054, 3, 149, 1, 'david', 'infante', 'sistemas', '3202605639', '1234', 'ACTIVO'),
(1030570356, 3, 149, 1, 'Alejandro', 'Moreno', 'Programador', '3219045297', '1234', 'ACTIVO');

--
-- Índices para tablas volcadas
--

--
-- Indices de la tabla `bodegas`
--
ALTER TABLE `bodegas`
  ADD PRIMARY KEY (`idbodegas`);

--
-- Indices de la tabla `ciudades`
--
ALTER TABLE `ciudades`
  ADD PRIMARY KEY (`idciudades`),
  ADD KEY `iddepartamento` (`iddepartamento`);

--
-- Indices de la tabla `departamento`
--
ALTER TABLE `departamento`
  ADD PRIMARY KEY (`iddepartamento`);

--
-- Indices de la tabla `historial`
--
ALTER TABLE `historial`
  ADD PRIMARY KEY (`idhistorial`);

--
-- Indices de la tabla `inventario`
--
ALTER TABLE `inventario`
  ADD PRIMARY KEY (`idinventario`),
  ADD KEY `ncedula` (`ncedula`),
  ADD KEY `idmarca` (`idmarcas`),
  ADD KEY `idlineas` (`idlineas`),
  ADD KEY `idbodega` (`idbodega`);

--
-- Indices de la tabla `kardex`
--
ALTER TABLE `kardex`
  ADD PRIMARY KEY (`idkardex`);

--
-- Indices de la tabla `lineas`
--
ALTER TABLE `lineas`
  ADD PRIMARY KEY (`idlineas`);

--
-- Indices de la tabla `marcas`
--
ALTER TABLE `marcas`
  ADD PRIMARY KEY (`idmarcas`),
  ADD KEY `idtercero` (`idtercero`);

--
-- Indices de la tabla `observaciones`
--
ALTER TABLE `observaciones`
  ADD PRIMARY KEY (`id_observacion`);

--
-- Indices de la tabla `pacientes`
--
ALTER TABLE `pacientes`
  ADD PRIMARY KEY (`idpaciente`);

--
-- Indices de la tabla `pedidos`
--
ALTER TABLE `pedidos`
  ADD PRIMARY KEY (`idpedido`),
  ADD KEY `idusuario` (`idusuario`);

--
-- Indices de la tabla `remision`
--
ALTER TABLE `remision`
  ADD PRIMARY KEY (`idremision`),
  ADD KEY `idsalida` (`idsalida`),
  ADD KEY `idbodega` (`idbodega`,`idpaciente`,`idusuario`,`idclientes`),
  ADD KEY `idusuario` (`idusuario`),
  ADD KEY `idclientes` (`idclientes`),
  ADD KEY `idpaciente` (`idpaciente`);

--
-- Indices de la tabla `salidadeinventario`
--
ALTER TABLE `salidadeinventario`
  ADD PRIMARY KEY (`idsalida`),
  ADD KEY `idinventario` (`idinventario`);

--
-- Indices de la tabla `terceros`
--
ALTER TABLE `terceros`
  ADD PRIMARY KEY (`idclientes`),
  ADD KEY `despartamento` (`departamento`);

--
-- Indices de la tabla `tipousuario`
--
ALTER TABLE `tipousuario`
  ADD PRIMARY KEY (`idtipousuario`);

--
-- Indices de la tabla `usuarios`
--
ALTER TABLE `usuarios`
  ADD PRIMARY KEY (`ncedula`),
  ADD KEY `iddepartamento` (`iddepartamento`),
  ADD KEY `tipousuario` (`tipousuario`),
  ADD KEY `idciudad` (`idciudad`);

--
-- AUTO_INCREMENT de las tablas volcadas
--

--
-- AUTO_INCREMENT de la tabla `historial`
--
ALTER TABLE `historial`
  MODIFY `idhistorial` int(15) NOT NULL AUTO_INCREMENT, AUTO_INCREMENT=84;
--
-- AUTO_INCREMENT de la tabla `inventario`
--
ALTER TABLE `inventario`
  MODIFY `idinventario` int(15) NOT NULL AUTO_INCREMENT, AUTO_INCREMENT=1918;
--
-- AUTO_INCREMENT de la tabla `kardex`
--
ALTER TABLE `kardex`
  MODIFY `idkardex` int(11) NOT NULL AUTO_INCREMENT, AUTO_INCREMENT=15;
--
-- AUTO_INCREMENT de la tabla `lineas`
--
ALTER TABLE `lineas`
  MODIFY `idlineas` int(15) NOT NULL AUTO_INCREMENT, AUTO_INCREMENT=8;
--
-- AUTO_INCREMENT de la tabla `marcas`
--
ALTER TABLE `marcas`
  MODIFY `idmarcas` int(15) NOT NULL AUTO_INCREMENT, AUTO_INCREMENT=124;
--
-- AUTO_INCREMENT de la tabla `observaciones`
--
ALTER TABLE `observaciones`
  MODIFY `id_observacion` int(11) NOT NULL AUTO_INCREMENT, AUTO_INCREMENT=9;
--
-- AUTO_INCREMENT de la tabla `pacientes`
--
ALTER TABLE `pacientes`
  MODIFY `idpaciente` int(15) NOT NULL AUTO_INCREMENT, AUTO_INCREMENT=79;
--
-- AUTO_INCREMENT de la tabla `pedidos`
--
ALTER TABLE `pedidos`
  MODIFY `idpedido` int(15) NOT NULL AUTO_INCREMENT, AUTO_INCREMENT=3;
--
-- AUTO_INCREMENT de la tabla `remision`
--
ALTER TABLE `remision`
  MODIFY `idremision` int(15) NOT NULL AUTO_INCREMENT, AUTO_INCREMENT=81;
--
-- AUTO_INCREMENT de la tabla `salidadeinventario`
--
ALTER TABLE `salidadeinventario`
  MODIFY `idsalida` int(15) NOT NULL AUTO_INCREMENT, AUTO_INCREMENT=197;
--
-- AUTO_INCREMENT de la tabla `terceros`
--
ALTER TABLE `terceros`
  MODIFY `idclientes` int(15) NOT NULL AUTO_INCREMENT, AUTO_INCREMENT=10;
--
-- AUTO_INCREMENT de la tabla `tipousuario`
--
ALTER TABLE `tipousuario`
  MODIFY `idtipousuario` int(15) NOT NULL AUTO_INCREMENT, AUTO_INCREMENT=5;
--
-- Restricciones para tablas volcadas
--

--
-- Filtros para la tabla `ciudades`
--
ALTER TABLE `ciudades`
  ADD CONSTRAINT `ciudades_ibfk_1` FOREIGN KEY (`iddepartamento`) REFERENCES `departamento` (`iddepartamento`) ON DELETE CASCADE ON UPDATE CASCADE;

--
-- Filtros para la tabla `inventario`
--
ALTER TABLE `inventario`
  ADD CONSTRAINT `inventario_ibfk_1` FOREIGN KEY (`ncedula`) REFERENCES `usuarios` (`ncedula`) ON DELETE CASCADE ON UPDATE CASCADE,
  ADD CONSTRAINT `inventario_ibfk_4` FOREIGN KEY (`idlineas`) REFERENCES `lineas` (`idlineas`) ON DELETE CASCADE ON UPDATE CASCADE,
  ADD CONSTRAINT `inventario_ibfk_5` FOREIGN KEY (`idmarcas`) REFERENCES `marcas` (`idmarcas`) ON DELETE CASCADE ON UPDATE CASCADE,
  ADD CONSTRAINT `inventario_ibfk_6` FOREIGN KEY (`idbodega`) REFERENCES `bodegas` (`idbodegas`) ON DELETE CASCADE ON UPDATE CASCADE;

--
-- Filtros para la tabla `marcas`
--
ALTER TABLE `marcas`
  ADD CONSTRAINT `marcas_ibfk_1` FOREIGN KEY (`idtercero`) REFERENCES `terceros` (`idclientes`) ON DELETE CASCADE ON UPDATE CASCADE;

--
-- Filtros para la tabla `pedidos`
--
ALTER TABLE `pedidos`
  ADD CONSTRAINT `pedidos_ibfk_1` FOREIGN KEY (`idusuario`) REFERENCES `usuarios` (`ncedula`) ON DELETE CASCADE ON UPDATE CASCADE;

--
-- Filtros para la tabla `remision`
--
ALTER TABLE `remision`
  ADD CONSTRAINT `remision_ibfk_5` FOREIGN KEY (`idusuario`) REFERENCES `usuarios` (`ncedula`) ON DELETE CASCADE ON UPDATE CASCADE,
  ADD CONSTRAINT `remision_ibfk_6` FOREIGN KEY (`idclientes`) REFERENCES `terceros` (`idclientes`) ON DELETE CASCADE ON UPDATE CASCADE,
  ADD CONSTRAINT `remision_ibfk_7` FOREIGN KEY (`idpaciente`) REFERENCES `pacientes` (`idpaciente`) ON DELETE CASCADE ON UPDATE CASCADE,
  ADD CONSTRAINT `remision_ibfk_8` FOREIGN KEY (`idbodega`) REFERENCES `bodegas` (`idbodegas`) ON DELETE CASCADE ON UPDATE CASCADE;

--
-- Filtros para la tabla `salidadeinventario`
--
ALTER TABLE `salidadeinventario`
  ADD CONSTRAINT `salidadeinventario_ibfk_1` FOREIGN KEY (`idinventario`) REFERENCES `inventario` (`idinventario`) ON DELETE CASCADE ON UPDATE CASCADE;

--
-- Filtros para la tabla `terceros`
--
ALTER TABLE `terceros`
  ADD CONSTRAINT `terceros_ibfk_1` FOREIGN KEY (`departamento`) REFERENCES `departamento` (`iddepartamento`) ON DELETE CASCADE ON UPDATE CASCADE;

--
-- Filtros para la tabla `usuarios`
--
ALTER TABLE `usuarios`
  ADD CONSTRAINT `usuarios_ibfk_1` FOREIGN KEY (`iddepartamento`) REFERENCES `departamento` (`iddepartamento`) ON DELETE CASCADE ON UPDATE CASCADE,
  ADD CONSTRAINT `usuarios_ibfk_2` FOREIGN KEY (`tipousuario`) REFERENCES `tipousuario` (`idtipousuario`) ON DELETE CASCADE ON UPDATE CASCADE,
  ADD CONSTRAINT `usuarios_ibfk_3` FOREIGN KEY (`idciudad`) REFERENCES `ciudades` (`idciudades`) ON DELETE CASCADE ON UPDATE CASCADE;

/*!40101 SET CHARACTER_SET_CLIENT=@OLD_CHARACTER_SET_CLIENT */;
/*!40101 SET CHARACTER_SET_RESULTS=@OLD_CHARACTER_SET_RESULTS */;
/*!40101 SET COLLATION_CONNECTION=@OLD_COLLATION_CONNECTION */;
